
<SimBase.Document Type="AceXML" version="1,0" id="nav_display">
    <Filename>nav_display.xml</Filename>
    <SimGauge.Gauge id="nav_display" ArtDirectory="%INETROOT%\private\fs\art\objects\Airplanes\DG808S\panel\">
        <FloatPosition>0.000,0.000</FloatPosition>
        <Size>121,122</Size>
        <Image id="nav_display_background.bmp" Name="nav_display_background.bmp">
            <Transparent>True</Transparent>
        </Image>
        <Element id="Element">
            <FloatPosition>77.000,4.000</FloatPosition>
            <Image id="button_nav_display_go_out.bmp" Name="button_nav_display_go_out.bmp">
                <Transparent>True</Transparent>
            </Image>
        </Element>
        <Element id="Element">
            <FloatPosition>77.000,4.000</FloatPosition>
            <Visibility>(G:Var7)</Visibility>
            <Image id="button_nav_display_go_in.bmp" Name="button_nav_display_go_in.bmp">
                <Transparent>True</Transparent>
            </Image>
        </Element>
        <Element id="Element">
            <FloatPosition>29.000,4.000</FloatPosition>
            <Image id="button_nav_display_power_out.bmp" Name="button_nav_display_power_out.bmp">
                <Transparent>True</Transparent>
            </Image>
        </Element>
        <Element id="Element">
            <FloatPosition>29.000,4.000</FloatPosition>
            <Visibility>0</Visibility>
            <Image id="button_nav_display_power_in.bmp" Name="button_nav_display_power_in.bmp">
                <Transparent>True</Transparent>
            </Image>
        </Element>
        <Element id="Element">
            <FloatPosition>94.000,105.000</FloatPosition>
            <Image id="button_nav_display_page_right_out.bmp" Name="button_nav_display_page_right_out.bmp">
                <Transparent>True</Transparent>
            </Image>
        </Element>
        <Element id="Element">
            <FloatPosition>94.000,105.000</FloatPosition>
            <Visibility>(G:Var4)</Visibility>
            <Image id="button_nav_display_page_right_in.bmp" Name="button_nav_display_page_right_in.bmp">
                <Transparent>True</Transparent>
            </Image>
        </Element>
        <Element id="Element">
            <FloatPosition>65.000,105.000</FloatPosition>
            <Image id="button_nav_display_page_down_out.bmp" Name="button_nav_display_page_down_out.bmp">
                <Transparent>True</Transparent>
            </Image>
        </Element>
        <Element id="Element">
            <FloatPosition>65.000,105.000</FloatPosition>
            <Visibility>0</Visibility>
            <Image id="button_nav_display_page_down_in.bmp" Name="button_nav_display_page_down_in.bmp">
                <Transparent>True</Transparent>
            </Image>
        </Element>
        <Element id="Element">
            <FloatPosition>39.000,106.000</FloatPosition>
            <Image id="button_nav_display_page_up_out.bmp" Name="button_nav_display_page_up_out.bmp">
                <Transparent>True</Transparent>
            </Image>
        </Element>
        <Element id="Element">
            <FloatPosition>39.000,106.000</FloatPosition>
            <Visibility>0</Visibility>
            <Image id="button_nav_display_page_up_in.bmp" Name="button_nav_display_page_up_in.bmp">
                <Transparent>True</Transparent>
            </Image>
        </Element>
        <Element id="Element">
            <FloatPosition>11.000,105.000</FloatPosition>
            <Image id="button_nav_display_page_left_out.bmp" Name="button_nav_display_page_left_out.bmp">
                <Transparent>True</Transparent>
            </Image>
        </Element>
        <Element id="Element">
            <FloatPosition>11.000,105.000</FloatPosition>
            <Visibility>(G:Var3)</Visibility>
            <Image id="button_nav_display_page_left_in.bmp" Name="button_nav_display_page_left_in.bmp">
                <Transparent>True</Transparent>
            </Image>
        </Element>
        <Element id="Home Line 1">
            <FloatPosition>13.000,19.000</FloatPosition>
            <Visibility> (G:Var2) 0 == </Visibility>
            <GaugeText id="GaugeText">
                <FontFace>Quartz</FontFace>
                <FontColor>#202020</FontColor>
                <FontHeight>20</FontHeight>
                <GaugeString>%((A:GPS IS ACTIVE WAY POINT, bool))%{if}TO: %((A:GPS WP NEXT ID, string))%!s!%{else}NO ACTIVE WP%{end}</GaugeString>
                <Length>25</Length>
                <Size>95,20</Size>
                <Transparent>True</Transparent>
                <VerticalAlign>CENTER</VerticalAlign>
            </GaugeText>
        </Element>
        <Element id="Home Line 2">
            <FloatPosition>13.000,37.000</FloatPosition>
            <Visibility> (G:Var2) 0 == </Visibility>
            <GaugeText id="GaugeText">
                <Charset>Default</Charset>
                <FontFace>Quartz</FontFace>
                <FontColor>#101010</FontColor>
                <FontHeight>15</FontHeight>
                <GaugeString>%((A:GPS IS ACTIVE WAY POINT, bool))%{if}%((A:GPS WP BEARING,degrees) (A:GPS GROUND MAGNETIC TRACK,degrees) - (&gt;G:Var1) -180 &lt; if{ (G:Var1) 360 + (&gt;G:Var1) } els{ (G:Var1) 180 &gt; if{  (G:Var1) 360 - (&gt;G:Var1) } } )%  %((G:Var1) -45 &lt; if{ &apos;&lt;&apos; } els{ &apos;&apos; } )%!1s!%((G:Var1) -25 &lt; if{ &apos;&lt;&apos; } els{ &apos;&apos; } )%!1s!%((G:Var1) -15 &lt; if{ &apos;&lt;&apos; } els{ &apos;&apos; } )%!1s!%((G:Var1) -10 &lt; if{ &apos;&lt;&apos; } els{ &apos;&apos; } )%!1s!%((G:Var1) -5 &lt; if{ &apos;&lt;&apos; } els{ &apos;&apos; } )%!1s!|%((G:Var1) 5 &gt; if{ &apos;&gt;&apos; } els{ &apos;&apos; } )%!1s!%((G:Var1) 10 &gt; if{ &apos;&gt;&apos; } els{ &apos;&apos; } )%!1s!%((G:Var1) 15 &gt; if{ &apos;&gt;&apos; } els{ &apos;&apos; } )%!1s!%((G:Var1) 25 &gt; if{ &apos;&gt;&apos; } els{ &apos;&apos; } )%!1s!%((G:Var1) 45 &gt; if{ &apos;&gt;&apos; } els{ &apos;&apos; } )%!1s!%{end}</GaugeString>
                <Length>25</Length>
                <Size>95,15</Size>
                <Transparent>True</Transparent>
                <VerticalAlign>CENTER</VerticalAlign>
            </GaugeText>
        </Element>
        <Element id="Home Line 3">
            <FloatPosition>13.000,52.000</FloatPosition>
            <Visibility> (G:Var2) 0 == </Visibility>
            <GaugeText id="GaugeText">
                <FontFace>Quartz</FontFace>
                <FontColor>#101010</FontColor>
                <FontHeight>15</FontHeight>
                <GaugeString>BRG:%((A:GPS IS ACTIVE WAY POINT, bool))%{if}%((A:GPS WP BEARING,degrees))%!3d!%{else} %{end} TRK:%((A:GPS GROUND MAGNETIC TRACK,degrees))%!3d!</GaugeString>
                <Length>25</Length>
                <Size>95,15</Size>
                <Transparent>True</Transparent>
                <VerticalAlign>CENTER</VerticalAlign>
            </GaugeText>
        </Element>
        <Element id="Home Line 4.1">
            <FloatPosition>13.000,73.000</FloatPosition>
            <Visibility> (G:Var2) 0 == </Visibility>
            <GaugeText id="GaugeText">
                <FontFace>Quartz</FontFace>
                <FontColor>#101010</FontColor>
                <FontHeight>15</FontHeight>
                <GaugeString>DIST:</GaugeString>
                <Length>15</Length>
                <Size>95,25</Size>
                <Transparent>True</Transparent>
                <VerticalAlign>CENTER</VerticalAlign>
            </GaugeText>
        </Element>
        <Element id="Home Line 4.2">
            <FloatPosition>35.000,65.000</FloatPosition>
            <Visibility> (G:Var2) 0 == </Visibility>
            <GaugeText id="GaugeText">
                <FontFace>Quartz</FontFace>
                <FontColor>#101010</FontColor>
                <FontHeight>25</FontHeight>
                <GaugeString>%((A:GPS IS ACTIVE WAY POINT, bool))%{if} %((E:UNITS OF MEASURE,enum) 1 &lt; if{ (A:GPS WP DISTANCE,nmiles) } els{ (A:GPS WP DISTANCE,kilometers) })%!5.1f!%{end}</GaugeString>
                <Length>15</Length>
                <Size>95,25</Size>
                <Transparent>True</Transparent>
                <VerticalAlign>CENTER</VerticalAlign>
            </GaugeText>
        </Element>
        <Element id="WAYPOINT LIST Line 1">
            <FloatPosition>13.000,28.000</FloatPosition>
            <Visibility> (G:Var2) 1 == </Visibility>
            <GaugeText id="GaugeText">
                <FontFace>Quartz</FontFace>
                <FontColor>#101010</FontColor>
                <FontHeight>15</FontHeight>
                <GaugeString>WPT ETE</GaugeString>
                <Length>25</Length>
                <Size>95,153</Size>
                <Transparent>True</Transparent>
                <VerticalAlign>CENTER</VerticalAlign>
            </GaugeText>
        </Element>
        <Element id="WAYPOINT LIST Line 2">
            <FloatPosition>13.000,44.000</FloatPosition>
            <Visibility> (G:Var2) 1 == </Visibility>
            <GaugeText id="GaugeText">
                <FontFace>Quartz</FontFace>
                <FontColor>#101010</FontColor>
                <FontHeight>15</FontHeight>
                <GaugeString>NAV TO:%((A:GPS IS ACTIVE WAY POINT, bool))%{if}%((A:GPS WP NEXT ID, string))%!s!%{end} </GaugeString>
                <Length>25</Length>
                <Size>95,15</Size>
                <Transparent>True</Transparent>
                <VerticalAlign>CENTER</VerticalAlign>
            </GaugeText>
        </Element>
        <Element id="WAYPOINT LIST Line 3">
            <FloatPosition>13.000,60.000</FloatPosition>
            <Visibility> (G:Var2) 1 == </Visibility>
            <GaugeText id="GaugeText">
                <FontFace>Quartz</FontFace>
                <FontColor>#101010</FontColor>
                <FontHeight>15</FontHeight>
                <GaugeString>ETE:%((A:GPS WP ETE,minutes))%!d! MINS</GaugeString>
                <Length>25</Length>
                <Size>95,15</Size>
                <Transparent>True</Transparent>
                <VerticalAlign>CENTER</VerticalAlign>
            </GaugeText>
        </Element>
        <Element id="WAYPOINT LIST Line 4">
            <FloatPosition>13.000,76.000</FloatPosition>
            <Visibility>0</Visibility>
            <GaugeText id="GaugeText">
                <FontFace>Quartz</FontFace>
                <FontColor>#101010</FontColor>
                <FontHeight>15</FontHeight>
                <GaugeString>%((C:fs9gps:FlightPlanWaypointIdent,string))%!5s!</GaugeString>
                <Length>25</Length>
                <Size>95,15</Size>
                <Transparent>True</Transparent>
                <VerticalAlign>CENTER</VerticalAlign>
            </GaugeText>
        </Element>
        <Element id="WAYPOINT DATA Line 1">
            <FloatPosition>13.000,28.000</FloatPosition>
            <Visibility> (G:Var2) 2 == </Visibility>
            <GaugeText id="GaugeText">
                <Charset>Default</Charset>
                <FontFace>Quartz</FontFace>
                <FontColor>#101010</FontColor>
                <FontHeight>15</FontHeight>
                <FontWeight>300</FontWeight>
                <GaugeString>%((A:GPS IS ACTIVE WAY POINT, bool))%{if}NAV TO:%((A:GPS WP NEXT ID, string))%!s!%{else}NO ACTIVE WP%{end}</GaugeString>
                <Length>25</Length>
                <Size>95,15</Size>
                <Transparent>True</Transparent>
                <VerticalAlign>CENTER</VerticalAlign>
            </GaugeText>
        </Element>
        <Element id="WAYPOINT DATA Line 2">
            <FloatPosition>13.000,44.000</FloatPosition>
            <Visibility> (G:Var2) 2 == </Visibility>
            <GaugeText id="GaugeText">
                <Charset>Default</Charset>
                <FontFace>Quartz</FontFace>
                <FontColor>#101010</FontColor>
                <FontHeight>15</FontHeight>
                <FontWeight>300</FontWeight>
                <GaugeString>LAT:%((A:GPS IS ACTIVE WAY POINT, bool))%{if}%((A:GPS WP NEXT LAT,degrees) 0 &gt; if{ &apos;N&apos; } els{ &apos;S&apos; } )%!1s!%((A:GPS WP NEXT LAT,degrees) abs)%!7.4f!%{end}</GaugeString>
                <Length>25</Length>
                <Size>95,15</Size>
                <Transparent>True</Transparent>
                <VerticalAlign>CENTER</VerticalAlign>
            </GaugeText>
        </Element>
        <Element id="WAYPOINT DATA Line 3">
            <FloatPosition>13.000,60.000</FloatPosition>
            <Visibility> (G:Var2) 2 == </Visibility>
            <GaugeText id="GaugeText">
                <Charset>Default</Charset>
                <FontFace>Quartz</FontFace>
                <FontColor>#101010</FontColor>
                <FontHeight>15</FontHeight>
                <FontWeight>300</FontWeight>
                <GaugeString>LON:%((A:GPS IS ACTIVE WAY POINT, bool))%{if}%((A:GPS WP NEXT LON,degrees) 0 &gt; if{ &apos;W&apos; } els{ &apos;E&apos; } )%!1s!%((A:GPS WP NEXT LON,degrees) abs)%!7.4f!</GaugeString>
                <Length>25</Length>
                <Size>95,15</Size>
                <Transparent>True</Transparent>
                <VerticalAlign>CENTER</VerticalAlign>
            </GaugeText>
        </Element>
        <Element id="WAYPOINT DATA Line 4">
            <FloatPosition>13.000,76.000</FloatPosition>
            <Visibility> (G:Var2) 2 == </Visibility>
            <GaugeText id="GaugeText">
                <Charset>Default</Charset>
                <FontFace>Quartz</FontFace>
                <FontColor>#101010</FontColor>
                <FontHeight>13</FontHeight>
                <FontWeight>300</FontWeight>
                <GaugeString>EL:%((A:GPS IS ACTIVE WAY POINT, bool))%{if}%((E:UNITS OF MEASURE,enum) 2 &lt; if{ (A:GPS WP NEXT ALT,feet) } els{ (A:GPS WP NEXT ALT,meters) })%!4d!%{else}     %{end} SP:%((E:UNITS OF MEASURE,enum) 1 &lt; if{ (A:GPS GROUND SPEED,knots) } els{ (A:GPS GROUND SPEED,kph) })%!d!</GaugeString>
                <Length>25</Length>
                <Size>95,13</Size>
                <Transparent>True</Transparent>
                <VerticalAlign>CENTER</VerticalAlign>
            </GaugeText>
        </Element>
        <Element id="WIND DATA Line 1">
            <FloatPosition>13.000,28.000</FloatPosition>
            <Visibility> (G:Var2) 3 == </Visibility>
            <GaugeText id="GaugeText">
                <Charset>Default</Charset>
                <FontFace>Quartz</FontFace>
                <FontColor>#101010</FontColor>
                <FontHeight>15</FontHeight>
                <FontWeight>300</FontWeight>
                <GaugeString>LOCAL WIND</GaugeString>
                <Length>25</Length>
                <Size>95,15</Size>
                <Transparent>True</Transparent>
                <VerticalAlign>CENTER</VerticalAlign>
            </GaugeText>
        </Element>
        <Element id="WIND DATA Line 2">
            <FloatPosition>13.000,44.000</FloatPosition>
            <Visibility> (G:Var2) 3 == </Visibility>
            <GaugeText id="GaugeText">
                <Charset>Default</Charset>
                <FontFace>Quartz</FontFace>
                <FontColor>#101010</FontColor>
                <FontHeight>15</FontHeight>
                <FontWeight>300</FontWeight>
                <GaugeString>FROM:%((A:SIM ON GROUND, bool) ! )%{if}%((A:AMBIENT WIND DIRECTION, degrees) (A:MAGVAR,degrees) - 360 + 360 % )%!3d!(MAG)%{end} </GaugeString>
                <Length>25</Length>
                <Size>95,15</Size>
                <Transparent>True</Transparent>
                <VerticalAlign>CENTER</VerticalAlign>
            </GaugeText>
        </Element>
        <Element id="WIND DATA Line 3">
            <FloatPosition>13.000,60.000</FloatPosition>
            <Visibility> (G:Var2) 3 == </Visibility>
            <GaugeText id="GaugeText">
                <Charset>Default</Charset>
                <FontFace>Quartz</FontFace>
                <FontColor>#101010</FontColor>
                <FontHeight>15</FontHeight>
                <FontWeight>300</FontWeight>
                <GaugeString>AT:%((A:SIM ON GROUND, bool) ! )%{if}%((E:UNITS OF MEASURE,enum) 1 &lt; if{ (A:AMBIENT WIND VELOCITY,knots) } els{ (A:AMBIENT WIND VELOCITY,m/s) })%!3d!%((E:UNITS OF MEASURE,enum) 1 &lt; if{ &apos;KTS&apos; } els{ &apos;MPS&apos; })%!3s!%{end}</GaugeString>
                <Length>25</Length>
                <Size>95,15</Size>
                <Transparent>True</Transparent>
                <VerticalAlign>CENTER</VerticalAlign>
            </GaugeText>
        </Element>
        <Element id="WIND DATA Line 4">
            <FloatPosition>13.000,76.000</FloatPosition>
            <Visibility> (G:Var2) 3 == </Visibility>
            <GaugeText id="GaugeText">
                <Charset>Default</Charset>
                <FontFace>Quartz</FontFace>
                <FontColor>#101010</FontColor>
                <FontHeight>15</FontHeight>
                <FontWeight>300</FontWeight>
                <GaugeString>REL WIND:%((A:SIM ON GROUND, bool) ! )%{if}%((A:AMBIENT WIND DIRECTION,degrees) (A:PLANE HEADING DEGREES TRUE,degrees) - 360 + 360 % flr )%!3d!%{end}</GaugeString>
                <Length>25</Length>
                <Size>95,15</Size>
                <Transparent>True</Transparent>
                <VerticalAlign>CENTER</VerticalAlign>
            </GaugeText>
        </Element>
        
        <Element id="CHRONOMETER Line 1">
            <FloatPosition>13.000,28.000</FloatPosition>
            <Visibility> (G:Var2) 4 == </Visibility>
            <GaugeText id="GaugeText">
                <Charset>Default</Charset>
                <FontFace>Quartz</FontFace>
                <FontColor>#101010</FontColor>
                <FontHeight>15</FontHeight>
                <FontWeight>300</FontWeight>
                <GaugeString>CHRONOMETER</GaugeString>
                <Length>25</Length>
                <Size>95,15</Size>
                <Transparent>True</Transparent>
                <VerticalAlign>CENTER</VerticalAlign>
            </GaugeText>
        </Element>
        <Element id="CHRONOMETER Line 2">
            <FloatPosition>13.000,44.000</FloatPosition>
            <Visibility> (G:Var2) 4 == </Visibility>
            <GaugeText id="GaugeText">
                <Charset>Default</Charset>
                <FontFace>Quartz</FontFace>
                <FontColor>#101010</FontColor>
                <FontHeight>15</FontHeight>
                <FontWeight>300</FontWeight>
                <GaugeString>ET:%( (P:Absolute time, seconds) (G:Var8) - 86400 &gt; if{ (P:Absolute time, seconds) (&gt;G:Var8) } (P:Absolute time, seconds) (G:Var8) - 3600 / flr )%!02d!:%( (P:Absolute time, seconds) (G:Var8) - 3600 % 60 / flr )%!02d!:%( (P:Absolute time, seconds) (G:Var8) - 60 % )%!02d!</GaugeString>
                <Length>25</Length>
                <Size>95,13</Size>
                <Transparent>True</Transparent>
                <VerticalAlign>CENTER</VerticalAlign>
            </GaugeText>
        </Element>
        
        <MouseArea id="MouseArea">
            <FloatPosition>0.000,0.000</FloatPosition>
            <Size>121,122</Size>
            <MouseArea id="Left">
                <FloatPosition>5.000,98.000</FloatPosition>
                <Size>26,24</Size>
                <CursorType>Hand</CursorType>
                <MouseClick id="MouseClick">
                    <Script>(M:Event) &apos;LeftSingle&apos; scmp 0 == if{ 3 (G:Var2) + 4 % (&gt;G:Var2) 1 (&gt;G:Var3) } (M:Event) &apos;LeftRelease&apos; scmp 0 == if{ 0 (&gt;G:Var3) }</Script>
                    <ClickType>LeftSingle+LeftRelease</ClickType>
                </MouseClick>
                <Tooltip id="Tooltip">
                    <DefaultId>TOOLTIPTEXT_NAV_DISPLAY_LEFT</DefaultId>
                </Tooltip>
            </MouseArea>
            <MouseArea id="Right">
                <FloatPosition>90.000,98.000</FloatPosition>
                <Size>26,24</Size>
                <CursorType>Hand</CursorType>
                <MouseClick id="MouseClick">
                    <Script>(M:Event) &apos;LeftSingle&apos; scmp 0 == if{ 1 (G:Var2) + 4 % (&gt;G:Var2) 1 (&gt;G:Var4) } (M:Event) &apos;LeftRelease&apos; scmp 0 == if{ 0 (&gt;G:Var4) }</Script>
                    <ClickType>LeftSingle+LeftRelease</ClickType>
                </MouseClick>
                <Tooltip id="Tooltip">
                    <DefaultId>TOOLTIPTEXT_NAV_DISPLAY_RIGHT</DefaultId>
                </Tooltip>
            </MouseArea>
            <MouseArea id="Up">
                <FloatPosition>32.000,98.000</FloatPosition>
                <Size>28,24</Size>
            </MouseArea>
            <MouseArea id="Down">
                <FloatPosition>62.000,98.000</FloatPosition>
                <Size>27,24</Size>
            </MouseArea>
            <MouseArea id="Go">
                <FloatPosition>75.000,0.000</FloatPosition>
                <Size>38,25</Size>
                <CursorType>Hand</CursorType>
                <MouseClick id="MouseClick">
                    <Script>(M:Event) &apos;LeftSingle&apos; scmp 0 == 
if{ 1 (&gt;G:Var7) 0 (G:Var2) == 
	if{ 4 (&gt;G:Var2) } 
	els{ 4 (G:Var2) == 
		if{ (P:Absolute time, seconds) 
		(&gt;G:Var8) } els{ 0 (&gt;G:Var2) } 
	}
} 
(M:Event) &apos;LeftRelease&apos; scmp 0 == if{ 0 (&gt;G:Var7) }</Script>
                    <ClickType>LeftSingle+LeftRelease</ClickType>
                </MouseClick>
                <Tooltip id="Tooltip">
                    <DefaultId>TOOLTIPTEXT_NAV_DISPLAY_GO</DefaultId>
                </Tooltip>
            </MouseArea>
            <Tooltip id="Tooltip">
                <DefaultId>TOOLTIPTEXT_NAV_DISPLAY</DefaultId>
            </Tooltip>
        </MouseArea>
    </SimGauge.Gauge>
</SimBase.Document>
