﻿<?xml version="1.0" encoding="UTF-8"?>

<SimBase.Document
        Type="AceXML"
        version="1,0"
        id="spoiler_toggle">
    <Descr>AceXML Document</Descr>
    <Filename>DGSounds.xml</Filename>
    <SimGauge.Gauge id="DGSounds">
        <FloatPosition>0.000,0.000</FloatPosition>
        <Size>200,200</Size>
        <Update_When_Hidden>True</Update_When_Hidden>
        <Comment id="Comment">
            <Value>DGSounds 1.0 (c) P. L&#xFC;rkens, 2008
Adds non-standard sounds for flaps, spoilers, gear and gear warning 
to MS-FSX stock DG808S and SOAR DG808S.
Needs dsd_xml_sound3.gau from Doug Dawson and
DSD_DG808S.ini.
Commercial use prohibited.</Value>
        </Comment>
        <Element id="Flaps Sound">
            <FloatPosition>0.000,0.000</FloatPosition>
            <Shift id="Activate Flaps Sound">
                <Expression id="Expression">
                    <Script>(L:Def_Flaps_Sound) 1 == if{ 1 (&gt;L:Flaps_Sound) 0 (&gt;L:Def_Flaps_Sound) }</Script>
                </Expression>
            </Shift>
        </Element>
        <Element id="Gear Sound">
            <FloatPosition>0.000,0.000</FloatPosition>
            <Shift id="Activate Gear Sound">
                <Expression id="Expression">
                    <Script>(L:Def_Gear_Sound) 1 == if{ 1 (&gt;L:Gear_Sound) 0 (&gt;L:Def_Gear_Sound) }</Script>
                </Expression>
            </Shift>
        </Element>
        <Element id="Gear warning">
            <FloatPosition>0.000,0.000</FloatPosition>
            <Shift id="Shift">
                <Expression id="Expression">
                    <Script>(L:Spoilers_Out) 1 == if{ (A:GEAR TOTAL PCT EXTENDED, percentage) 0.1 &lt; if{ 2 (&gt;L:GEAR_WARN_SOUND) } els{ 0 (&gt;L:GEAR_WARN_SOUND) } } els{ 0 (&gt;L:GEAR_WARN_SOUND) }</Script>
                </Expression>
            </Shift>
        </Element>
        <Element id="Spoiler Sound">
            <FloatPosition>78.000,78.000</FloatPosition>
            <Visibility>0</Visibility>
            <GaugeText id="Spoiler State Text">
                <FontColor>gold</FontColor>
                <FontHeight>32</FontHeight>
                <GaugeString>%((A:GEAR TOTAL PCT EXTENDED, percentage))%!03f!</GaugeString>
                <Size>256,32</Size>
                <Transparent>True</Transparent>
            </GaugeText>
            <Shift id="Activate Spoiler Sound">
                <Expression id="Expression">
                    <Script>(L:Def_Spoiler_Sound) 1 == if{ 1 (&gt;L:Spoiler_Sound) 0 (&gt;L:Def_Spoiler_Sound) }</Script>
                </Expression>
            </Shift>
            <Shift id="SpoilerCheck">
                <Expression id="Expression">
                    <Maximum>9999999.000</Maximum>
                    <Script>5 (A:SPOILERS HANDLE POSITION, percent) &lt;  s0 (L:Spoilers_out) != if{ 0 (&gt;L:Spoiler_Sound, number)  1 (&gt;L:Def_Spoiler_Sound) } l0  (&gt;L:Spoilers_out) 0</Script>
                </Expression>
            </Shift>
        </Element>
        <KeyMap id="Flaps &amp; Gear Triggers">
            <Trigger id="Gear Up">
                <KeyEvent>GEAR_UP</KeyEvent>
                <Visibility>1</Visibility>
                <Script>0 (&gt;L:Gear_Sound, number) 1 (&gt;L:Def_Gear_Sound)</Script>
            </Trigger>
            <Trigger id="Gear Down">
                <KeyEvent>GEAR_DOWN</KeyEvent>
                <Visibility>1</Visibility>
                <Script>0 (&gt;L:Gear_Sound, number) 1 (&gt;L:Def_Gear_Sound)</Script>
            </Trigger>
            <Trigger id="Flaps Increase">
                <KeyEvent>FLAPS_INCR</KeyEvent>
                <Visibility>1</Visibility>
                <Script>(L:FLAPS_HANDLE_PREV) 100 &lt; if{ 0 (&gt;L:Flaps_Sound, number) 1 (&gt;L:Def_Flaps_Sound) } (A:FLAPS HANDLE PERCENT, percent) (&gt;L:FLAPS_HANDLE_PREV)</Script>
            </Trigger>
            <Trigger id="Flaps Decrease">
                <KeyEvent>FLAPS_DECR</KeyEvent>
                <Visibility>1</Visibility>
                <Script>(L:FLAPS_HANDLE_PREV) 0 &gt; if{ 0 (&gt;L:Flaps_Sound, number) 1 (&gt;L:Def_Flaps_Sound) } (A:FLAPS HANDLE PERCENT, percent) (&gt;L:FLAPS_HANDLE_PREV)</Script>
            </Trigger>
            <Trigger id="Gear Toggle">
                <KeyEvent>GEAR_TOGGLE</KeyEvent>
                <Visibility>1</Visibility>
                <Script>0 (&gt;L:Gear_Sound, number) 1 (&gt;L:Def_Gear_Sound)</Script>
            </Trigger>
            <Trigger id="Flaps Down">
                <KeyEvent>FLAPS_DOWN</KeyEvent>
                <Visibility>1</Visibility>
                <Script>(L:FLAPS_HANDLE_PREV) 100 &lt; if{ 0 (&gt;L:Flaps_Sound, number) 1 (&gt;L:Def_Flaps_Sound) } (A:FLAPS HANDLE PERCENT, percent) (&gt;L:FLAPS_HANDLE_PREV)</Script>
            </Trigger>
            <Trigger id="Flaps Up">
                <KeyEvent>FLAPS_UP</KeyEvent>
                <Visibility>1</Visibility>
                <Script>(L:FLAPS_HANDLE_PREV) 33.333 - abs 1 &gt; if{ 0 (&gt;L:Flaps_Sound, number) 1 (&gt;L:Def_Flaps_Sound) } (A:FLAPS HANDLE PERCENT, percent) (&gt;L:FLAPS_HANDLE_PREV)</Script>
            </Trigger>
        </KeyMap>
    </SimGauge.Gauge>
</SimBase.Document>
