﻿<?xml version="1.0" encoding="UTF-8"?>

<SimBase.Document
        Type="AceXML"
        version="1,0"
        id="TrimWizard">
    <Descr>AceXML Document</Descr>
    <Filename>TrimWizard.xml</Filename>
    <SimGauge.Gauge id="Gauge">
        <FloatPosition>0.000,0.000</FloatPosition>
        <Size>256,256</Size>
        <Update_When_Hidden>True</Update_When_Hidden>
        <Element id="Element">
            <FloatPosition>0.000,0.000</FloatPosition>
            <Visibility>0</Visibility>
            <Ellipse id="Ellipse">
                <Height>256</Height>
                <Width>256</Width>
                <FillColor>ocean</FillColor>
            </Ellipse>
        </Element>
        <Element id="Element">
            <FloatPosition>0.000,0.000</FloatPosition>
            <Visibility>0</Visibility>
            <Shift id="Shift">
                <Expression id="Expression">
                    <Script>(L:PITCH_HOLD) 1 == if{ (L:TRIM_PITCH) (A:PLANE PITCH DEGREES, degrees) - s1 0.005 * (L:TRIM_INT) + d (&gt;L:TRIM_INT) l1 0.1 * (L:TRIM_INT) + (L:INITIAL_TRIM) - 16383 * (&gt;K:AXIS_ELEV_TRIM_SET) } 0</Script>
                </Expression>
            </Shift>
            <GaugeText id="GaugeText">
                <Axis>0.000,-96.000</Axis>
                <FontColor>gold</FontColor>
                <FontHeight>32</FontHeight>
                <GaugeString>%((L:TRIM_INT))%!3.3f!</GaugeString>
                <HorizontalAlign>CENTER</HorizontalAlign>
                <Size>256,32</Size>
                <Transparent>True</Transparent>
            </GaugeText>
        </Element>
        <Element id="Element">
            <FloatPosition>0.000,0.000</FloatPosition>
            <Visibility>0</Visibility>
            <GaugeText id="GaugeText">
                <Axis>0.000,-128.000</Axis>
                <FontColor>gold</FontColor>
                <FontHeight>32</FontHeight>
                <GaugeString>%((A:SIM ON GROUND, bool))%!3.3f!</GaugeString>
                <HorizontalAlign>CENTER</HorizontalAlign>
                <Size>256,32</Size>
                <Transparent>True</Transparent>
            </GaugeText>
            <Shift id="Shift">
                <Expression id="Expression">
                    <Script>(A:SIM ON GROUND, bool) 1 != if{ (A:BRAKE INDICATOR, Position) 0 &gt; s0 (L:PITCH_HOLD) ! &amp;&amp; if{ (A:PLANE PITCH DEGREES, degrees) (&gt;L:TRIM_PITCH) (A:ELEVATOR TRIM INDICATOR, Position) (&gt;L:INITIAL_TRIM) 0 (&gt;L:TRIM_INT) } l0 (&gt;L:PITCH_HOLD) } els{ 0 (&gt;L:PITCH_HOLD) } 0</Script>
                </Expression>
            </Shift>
        </Element>
    </SimGauge.Gauge>
</SimBase.Document>
