<SimBase.Document Type="AceXML" version="1,0" id="panel_options2">
    <Descr>AceXML Document</Descr>
    <Filename>panel_options.xml</Filename>
    <SimGauge.Gauge id="panel_options2" ArtDirectory="W:\fs10corext\private\fs\art\objects\Misc\Radar">
        <FloatPosition>0.000,0.000</FloatPosition>
        <Size>246,112</Size>
        <Macro id="RectangleBlue" Name="RectangleBlue">
            <MacroValue>0x6f341d</MacroValue>
        </Macro>
        <Image id="Background.bmp" Name="Background.bmp">
            <Transparent>True</Transparent>
            <Bright>True</Bright>
        </Image>
        <Element id="RADAR RECT">
            <FloatPosition>10.000,33.000</FloatPosition>
            <Visibility>(L:Radar Screen Pressed)</Visibility>
            <Rectangle id="Rectangle">
                <Bright>True</Bright>
                <Width>52</Width>
                <Height>32</Height>
                <FillColor>@RectangleBlue</FillColor>
            </Rectangle>
        </Element>
        <Element id="RADAR SCREEN">
            <FloatPosition>10.000,33.000</FloatPosition>
            <GaugeText id="RADAR SCREEN">
                <Bold>True</Bold>
                <Bright>True</Bright>
                <FontColor>0x7BB984</FontColor>
                <FontHeight>12</FontHeight>
                <GaugeString>RADAR\nSCREEN</GaugeString>
                <HorizontalAlign>CENTER</HorizontalAlign>
                <Multiline>True</Multiline>
                <Size>53,35</Size>
                <Transparent>True</Transparent>
            </GaugeText>
        </Element>
        <Element id="NEXT STATION RECT">
            <FloatPosition>10.000,70.000</FloatPosition>
            <Visibility>(L:Next Station Pressed)</Visibility>
            <Rectangle id="Rectangle">
                <Bright>True</Bright>
                <Width>52</Width>
                <Height>32</Height>
                <FillColor>@RectangleBlue</FillColor>
            </Rectangle>
        </Element>
        <Element id="NEXT STATION">
            <FloatPosition>10.000,71.000</FloatPosition>
            <GaugeText id="NEXT STATION">
                <Bold>True</Bold>
                <Bright>True</Bright>
                <FontColor>0x7BB984</FontColor>
                <FontHeight>12</FontHeight>
                <GaugeString>NEXT\nSTATION</GaugeString>
                <HorizontalAlign>CENTER</HorizontalAlign>
                <Multiline>True</Multiline>
                <Size>53,35</Size>
                <Transparent>True</Transparent>
            </GaugeText>
        </Element>
        <Element id="COMM RADIOS RECT">
            <FloatPosition>68.000,33.000</FloatPosition>
            <Visibility>(L:Comm Radios Pressed)</Visibility>
            <Rectangle id="Rectangle">
                <Bright>True</Bright>
                <Width>52</Width>
                <Height>32</Height>
                <FillColor>@RectangleBlue</FillColor>
            </Rectangle>
        </Element>
        <Element id="COMM RADIOS">
            <FloatPosition>68.000,33.000</FloatPosition>
            <GaugeText id="COMM RADIOS">
                <Bold>True</Bold>
                <Bright>True</Bright>
                <FontColor>0x7BB984</FontColor>
                <FontHeight>12</FontHeight>
                <GaugeString>COMM\nRADIOS</GaugeString>
                <HorizontalAlign>CENTER</HorizontalAlign>
                <Multiline>True</Multiline>
                <Size>53,35</Size>
                <Transparent>True</Transparent>
            </GaugeText>
        </Element>
        <Element id="LOCAL INFO RECT">
            <FloatPosition>68.000,70.000</FloatPosition>
            <Visibility>(L:Local Info Pressed)</Visibility>
            <Rectangle id="Rectangle">
                <Bright>True</Bright>
                <Width>52</Width>
                <Height>32</Height>
                <FillColor>@RectangleBlue</FillColor>
            </Rectangle>
        </Element>
        <Element id="LOCAL INFO">
            <FloatPosition>68.000,71.000</FloatPosition>
            <GaugeText id="COM RADIOS">
                <Bold>True</Bold>
                <Bright>True</Bright>
                <FontColor>0x7BB984</FontColor>
                <FontHeight>12</FontHeight>
                <GaugeString>LOCAL\nINFO</GaugeString>
                <HorizontalAlign>CENTER</HorizontalAlign>
                <Multiline>True</Multiline>
                <Size>53,35</Size>
                <Transparent>True</Transparent>
            </GaugeText>
        </Element>
        <Element id="SESSION INFO RECT">
            <FloatPosition>126.000,33.000</FloatPosition>
            <Visibility>(L:Session Info Pressed)</Visibility>
            <Rectangle id="Rectangle">
                <Bright>True</Bright>
                <Width>58</Width>
                <Height>32</Height>
                <FillColor>@RectangleBlue</FillColor>
            </Rectangle>
        </Element>
        <Element id="SESSION INFO">
            <FloatPosition>129.000,33.000</FloatPosition>
            <GaugeText id="SESSION INFO">
                <Bold>True</Bold>
                <Bright>True</Bright>
                <FontColor>0x7BB984</FontColor>
                <FontHeight>12</FontHeight>
                <GaugeString>SESSION\nINFO</GaugeString>
                <HorizontalAlign>CENTER</HorizontalAlign>
                <Multiline>True</Multiline>
                <Size>53,35</Size>
                <Transparent>True</Transparent>
            </GaugeText>
        </Element>
        <Element id="RADAR OPTIONS RECT">
            <FloatPosition>126.000,70.000</FloatPosition>
            <Visibility>(L:Radar Options Pressed)</Visibility>
            <Rectangle id="Rectangle">
                <Bright>True</Bright>
                <Width>58</Width>
                <Height>32</Height>
                <FillColor>@RectangleBlue</FillColor>
            </Rectangle>
        </Element>
        <Element id="RADAR OPTIONS">
            <FloatPosition>129.000,71.000</FloatPosition>
            <GaugeText id="RADAR OPTIONS">
                <Bold>True</Bold>
                <Bright>True</Bright>
                <FontColor>0x7BB984</FontColor>
                <FontHeight>12</FontHeight>
                <GaugeString>RADAR\nOPTIONS</GaugeString>
                <HorizontalAlign>CENTER</HorizontalAlign>
                <Multiline>True</Multiline>
                <Size>53,35</Size>
                <Transparent>True</Transparent>
            </GaugeText>
        </Element>
        <Element id="FADE OUT  RECT">
            <FloatPosition>192.000,33.000</FloatPosition>
            <Visibility>(L:Fade Out Pressed)</Visibility>
            <Rectangle id="Rectangle">
                <Bright>True</Bright>
                <Width>43</Width>
                <Height>32</Height>
                <FillColor>@RectangleBlue</FillColor>
            </Rectangle>
        </Element>
        <Element id="FADE OUT">
            <FloatPosition>187.000,33.000</FloatPosition>
            <GaugeText id="FADE OUT">
                <Bold>True</Bold>
                <Bright>True</Bright>
                <FontColor>0x7BB984</FontColor>
                <FontHeight>12</FontHeight>
                <GaugeString>FADE\nOUT</GaugeString>
                <HorizontalAlign>CENTER</HorizontalAlign>
                <Multiline>True</Multiline>
                <Size>53,35</Size>
                <Transparent>True</Transparent>
            </GaugeText>
        </Element>
        <Element id="FADE IN  RECT">
            <FloatPosition>192.000,70.000</FloatPosition>
            <Visibility>(L:Fade In Pressed)</Visibility>
            <Rectangle id="Rectangle">
                <Bright>True</Bright>
                <Width>43</Width>
                <Height>32</Height>
                <FillColor>@RectangleBlue</FillColor>
            </Rectangle>
        </Element>
        <Element id="FADE IN">
            <FloatPosition>187.000,71.000</FloatPosition>
            <GaugeText id="FADE IN">
                <Bold>True</Bold>
                <Bright>True</Bright>
                <FontColor>0x7BB984</FontColor>
                <FontHeight>12</FontHeight>
                <GaugeString>FADE\nIN</GaugeString>
                <HorizontalAlign>CENTER</HorizontalAlign>
                <Multiline>True</Multiline>
                <Size>53,35</Size>
                <Transparent>True</Transparent>
            </GaugeText>
        </Element>
        <MouseArea id="MouseArea">
            <FloatPosition>0.000,0.000</FloatPosition>
            <Size>246,112</Size>
            <MouseArea id="SMALL RADAR">
                <FloatPosition>9.000,33.000</FloatPosition>
                <Size>55,35</Size>
                <CursorType>Hand</CursorType>
                <MouseClick id="MouseClick">
                    <Script>(M:Event) 'LeftSingle' scmp 0 ==
if{
    1 (&gt;L:Radar Screen Pressed)
    0 (&gt;K:PANEL_ID_TOGGLE)
}
els{
    0 (&gt;L:Radar Screen Pressed)
}</Script>
                    <ClickType>LeftSingle+LeftRelease+Leave</ClickType>
                </MouseClick>
            </MouseArea>
            <MouseArea id="NEXT STATION">
                <FloatPosition>9.000,70.000</FloatPosition>
                <Size>55,35</Size>
                <CursorType>Hand</CursorType>
                <MouseClick id="MouseClick">
                    <Script>(&gt;K:NEXT_SUB_VIEW)</Script>
                    <ClickType>LeftSingle</ClickType>
                </MouseClick>
            </MouseArea>
            <MouseArea id="COMM RADIOS">
                <FloatPosition>67.000,33.000</FloatPosition>
                <Size>55,35</Size>
                <CursorType>Hand</CursorType>
                <MouseClick id="MouseClick">
                    <Script>(M:Event) 'LeftSingle' scmp 0 ==
if{
    1 (&gt;L:Comm Radios Pressed)
    261 (&gt;K:PANEL_ID_TOGGLE)
}
els{
    0 (&gt;L:Comm Radios Pressed)
}</Script>
                    <ClickType>LeftSingle+LeftRelease+Leave</ClickType>
                </MouseClick>
            </MouseArea>
            <MouseArea id="LOCAL INFO">
                <FloatPosition>67.000,70.000</FloatPosition>
                <Size>55,35</Size>
                <CursorType>Hand</CursorType>
                <MouseClick id="MouseClick">
                    <Script>(M:Event) 'LeftSingle' scmp 0 ==
if{
    1 (&gt;L:Local Info Pressed)
    260 (&gt;K:PANEL_ID_TOGGLE)
}
els{
    0 (&gt;L:Local Info Pressed)
}</Script>
                    <ClickType>LeftSingle+LeftRelease+Leave</ClickType>
                </MouseClick>
            </MouseArea>
            <MouseArea id="SESSION INFO">
                <FloatPosition>125.000,33.000</FloatPosition>
                <Size>60,35</Size>
                <CursorType>Hand</CursorType>
                <MouseClick id="MouseClick">
                    <Script>(M:Event) 'LeftSingle' scmp 0 ==
if{
    1 (&gt;L:Session Info Pressed)
    263 (&gt;K:PANEL_ID_TOGGLE)
}
els{
    0 (&gt;L:Session Info Pressed)
}</Script>
                    <ClickType>LeftSingle+LeftRelease+Leave</ClickType>
                </MouseClick>
            </MouseArea>
            <MouseArea id="RADAR OPTIONS">
                <FloatPosition>125.000,70.000</FloatPosition>
                <Size>60,35</Size>
                <CursorType>Hand</CursorType>
                <MouseClick id="MouseClick">
                    <Script>(M:Event) 'LeftSingle' scmp 0 ==
if{
    1 (&gt;L:Radar Options Pressed)
    262 (&gt;K:PANEL_ID_TOGGLE)
}
els{
    0 (&gt;L:Radar Options Pressed)
}</Script>
                    <ClickType>LeftSingle+LeftRelease+Leave</ClickType>
                </MouseClick>
            </MouseArea>
            <MouseArea id="FADE OUT">
                <FloatPosition>188.000,33.000</FloatPosition>
                <Size>52,35</Size>
                <CursorType>Hand</CursorType>
                <MouseClick id="MouseClick">
                    <Script>(M:Event) 'LeftSingle' scmp 0 ==
if{
    1 (&gt;L:Fade Out Pressed)
    (&gt;K:VIEW_PANEL_ALPHA_DEC)
}
els{
    0 (&gt;L:Fade Out Pressed)
}</Script>
                    <ClickType>LeftSingle+LeftRelease+Leave</ClickType>
                    <ClickRepeat>True</ClickRepeat>
                </MouseClick>
            </MouseArea>
            <MouseArea id="FADE IN">
                <FloatPosition>188.000,70.000</FloatPosition>
                <Size>52,35</Size>
                <CursorType>Hand</CursorType>
                <MouseClick id="MouseClick">
                    <KeyEvent>VIEW_PANEL_ALPHA_INC</KeyEvent>
                    <Script>(M:Event) 'LeftSingle' scmp 0 ==
if{
    1 (&gt;L:Fade In Pressed)
    (&gt;K:VIEW_PANEL_ALPHA_INC)
}
els{
    0 (&gt;L:Fade In Pressed)
}</Script>
                    <ClickType>LeftSingle+LeftRelease+Leave</ClickType>
                    <ClickRepeat>True</ClickRepeat>
                </MouseClick>
            </MouseArea>
            <MouseArea id="Close window">
                <FloatPosition>223.000,4.000</FloatPosition>
                <Size>20,20</Size>
                <MouseClick id="MouseClick">
                    <Script>266 (&gt;K:PANEL_ID_TOGGLE)</Script>
                </MouseClick>
            </MouseArea>
        </MouseArea>
    </SimGauge.Gauge>
</SimBase.Document>