<SimBase.Document Type="AceXML" version="1,0" id="ballast indicator">
    <Filename>flaps_indicator.xml</Filename>
    <SimGauge.Gauge id="flaps indicator" ArtDirectory="">
        <FloatPosition>0.000,0.000</FloatPosition>
        <Size>50,43</Size>
        <Comment><Value>*******************************************************
                    This gauge displays the current flap setting and
                    also adjusts the L/D ratio for negative flap settings at low speed
         **********************************************************************
         </Value></Comment>
       <Element>
          <FloatPosition>0,0</FloatPosition>
          <Select id="select_background">
             <Expression>
               <Minimum>0</Minimum>
               <Maximum>1</Maximum>
               <Script>(L:B21_flaps_highlight, bool) if{ (L:B21_flaps_active, number) } els{ 0 }</Script>
             </Expression>
             <Case id="case0">
                <ExpressionResult>0</ExpressionResult>
                <Image id="indicator_background.bmp" Name="indicator_background.bmp">
                </Image>
             </Case>
             <Case id="case1">
                <ExpressionResult>1</ExpressionResult>
                <Image id="indicator_active.bmp" Name="indicator_active.bmp">
                </Image>
             </Case>
          </Select>
       </Element>
        <Element id="debug 1">
            <FloatPosition>7,24</FloatPosition>
            <Visibility>0</Visibility>
            <GaugeText id="B21_mc">
                <Size>40,20</Size>
                <FontFace>arial</FontFace>
                <FontColor>#ff0000</FontColor>
                <FontHeight>17</FontHeight>
                <Length>4</Length>
                <Transparent>True</Transparent>
                <VerticalAlign>CENTER</VerticalAlign>
                <HorizontalAlign>RIGHT</HorizontalAlign>
                <GaugeString>%((L:B21_flaps_highlight, bool))%!1.3f!</GaugeString>
            </GaugeText>
        </Element>
        <Comment><Value>*******************************************************
                    INIT
         **********************************************************************
         </Value></Comment>
        <Element>
            <Select id="init">
                <Expression id="Expression2">
                    <Minimum>-10.000</Minimum>
                    <Maximum>10.000</Maximum>
                    <Script>
                       (L:B21_flaps_init, number) 0 ==
                       if{
                            130 (&gt;L:B21_flaps_0_low, number)
                            0.001 (&gt;L:B21_flaps_0_ratio, number)
                            115 (&gt;L:B21_flaps_1_low, number)
                            0.001 (&gt;L:B21_flaps_1_ratio, number)
                            93 (&gt;L:B21_flaps_2_low, number)
                            0.002 (&gt;L:B21_flaps_2_ratio, number)
                            
                            0 (&gt;L:B21_flaps_active, number)
                            0 (&gt;L:B21_flaps_highlight, bool)
                            
                            480 (&gt;L:B21_flaps_max, number)
                            
                            1 (&gt;K:FLAPS_2)
                            1 (&gt;L:B21_flaps_init, number)
                       }
                    </Script>
                </Expression>
            </Select>
        </Element>
        <Comment><Value>*******************************************************
                    COMPUTE SPOILER ADJUSTMENT
         **********************************************************************
         </Value></Comment>
        <Element>
            <Select id="init">
                <Expression id="Expression2">
                    <Minimum>-10.000</Minimum>
                    <Maximum>10.000</Maximum>
                    <Script>
                        (A:FLAPS HANDLE INDEX, number) 0 == if{
                            (A:SPOILERS HANDLE POSITION, number) 16393 * (L:B21_flaps_max, number) &lt; if{
                                (A:AIRSPEED TRUE, kph) (L:B21_flaps_0_low, number) &lt; if{
                                    (L:B21_flaps_0_low, number) (A:AIRSPEED TRUE, kph) -
                                    (L:B21_flaps_0_ratio, number) *
                                    16393 * int d (L:B21_flaps_max, number) &gt; if{
                                        (L:B21_flaps_max, number) 1 -
                                    }
                                    (&gt;K:SPOILERS_SET)
                                    1 (&gt;L:B21_flaps_active, number)
                                } els{
                                    0 (&gt;K:SPOILERS_SET)
                                    0 (&gt;L:B21_flaps_active, number)
                                }
                            }
                            quit
                        }
                        (A:FLAPS HANDLE INDEX, number) 1 == if{
                            (A:SPOILERS HANDLE POSITION, number) 16393 * (L:B21_flaps_max, number) &lt; if{
                                (A:AIRSPEED TRUE, kph) (L:B21_flaps_1_low, number) &lt; if{
                                    (L:B21_flaps_1_low, number) (A:AIRSPEED TRUE, kph) -
                                    (L:B21_flaps_1_ratio, number) *
                                    16393 * int d (L:B21_flaps_max, number) &gt; if{
                                        (L:B21_flaps_max, number) 1 -
                                    }
                                    (&gt;K:SPOILERS_SET)
                                    1 (&gt;L:B21_flaps_active, number)
                                } els{
                                    0 (&gt;K:SPOILERS_SET)
                                    0 (&gt;L:B21_flaps_active, number)
                                }
                            }
                            quit
                        }
                        (A:FLAPS HANDLE INDEX, number) 2 == if{
                            (A:SPOILERS HANDLE POSITION, number) 16393 * (L:B21_flaps_max, number) &lt; if{
                                (A:AIRSPEED TRUE, kph) (L:B21_flaps_2_low, number) &lt; if{
                                    (L:B21_flaps_2_low, number) (A:AIRSPEED TRUE, kph) -
                                    (L:B21_flaps_2_ratio, number) *
                                    16393 * int d (L:B21_flaps_max, number) &gt; if{
                                        (L:B21_flaps_max, number) 1 -
                                    }
                                    (&gt;K:SPOILERS_SET)
                                    1 (&gt;L:B21_flaps_active, number)
                                } els{
                                    0 (&gt;K:SPOILERS_SET)
                                    0 (&gt;L:B21_flaps_active, number)
                                }
                            }
                            quit
                        }
                        (A:SPOILERS HANDLE POSITION, number) 16393 * (L:B21_flaps_max, number) &lt; if{
                            0 (&gt;K:SPOILERS_SET)
                            0 (&gt;L:B21_flaps_active, number)
                        }
                    </Script>
                </Expression>
            </Select>
        </Element>

        <Element id="flaps index">
            <FloatPosition>7,0</FloatPosition>
            <Visibility>1</Visibility>
            <GaugeText id="B21_mc">
                <Size>38,40</Size>
                <FontFace>Quartz</FontFace>
                <FontColor>#505050</FontColor>
                <FontHeight>38</FontHeight>
                <Length>1</Length>
                <Transparent>True</Transparent>
                <VerticalAlign>TOP</VerticalAlign>
                <HorizontalAlign>RIGHT</HorizontalAlign>
                <GaugeString>%( 'L' 'T' '+1' '0' '-1' '-2' 6 (A:FLAPS HANDLE INDEX, number) case )%!s!</GaugeString>
            </GaugeText>
        </Element>
        <Comment><Value>*******************************************************
         **********************************************************************
                    MOUSEAREA
         **********************************************************************
         **********************************************************************
         </Value></Comment>
        <MouseArea id="MouseArea all">
            <FloatPosition>0.000,0.000</FloatPosition>
            <Size>50,43</Size>
            <MouseArea id="active highlight mode">
                <FloatPosition>0,0</FloatPosition>
                <Size>50,43</Size>
                <CursorType>Hand</CursorType>
                <MouseClick id="MouseClick">
                        <Script>
                            (L:B21_flaps_highlight, bool)  ! (&gt;L:B21_flaps_highlight, bool)
                        </Script>
                        <ClickType>LeftSingle</ClickType>
                </MouseClick>
            </MouseArea>
        </MouseArea>
        
    </SimGauge.Gauge>
</SimBase.Document>
