<SimBase.Document Type="AceXML" version="1,0" id="ballast indicator">
    <Filename>control.xml</Filename>
    <SimGauge.Gauge id="flex indicator" ArtDirectory="">
        <FloatPosition>0.000,0.000</FloatPosition>
        <Size>60,53</Size>
        <Image id="background" name="background.bmp">
            <Transparent>True</Transparent>
        </Image>
        <Comment><Value>*******************************************************
                    Calculate "PROGRAMME" wing flex value 0..400
                    
         **********************************************************************
         </Value></Comment>
        <Element>
            <Select id="Select">
                <Expression id="expression flex">
                    <Minimum>-5.000</Minimum>
                    <Maximum>5.000</Maximum>
                    <Script>
                        (A:WING FLEX PCT:1, percent over 100) 86 * 210 +
                        d 0 &lt; if{ 0 } els{ d 400 &gt; if{ 400 } } d
                        (&gt;L:B21_flex_prog_l, number) 
                        (&gt;L:B21_flex_prog_r, number) 
                        (A:AIRSPEED TRUE, kph) 90 &lt; if{
                            (A:AIRSPEED TRUE, kph) 90 - 
                            (A:TOTAL WEIGHT, kilograms) 626 - 120 / *
                            (L:B21_flex_prog_r, number) + d
                            (&gt;L:B21_flex_prog_l, number) 
                            (&gt;L:B21_flex_prog_r, number) 

                            (A:PLANE BANK DEGREES, radians) 0 &gt; if{
                                (A:PLANE BANK DEGREES, radians) 0.12 / 164 * d
                                (L:B21_flex_prog_l, number)
                                &gt; if{
                                    (&gt;L:B21_flex_prog_l, number) 
                                }
                            }
                            (A:PLANE BANK DEGREES, radians) 0 &lt; if{
                                (A:PLANE BANK DEGREES, radians) neg 0.12 / 164 * d
                                (L:B21_flex_prog_r, number)
                                &gt; if{
                                    (&gt;L:B21_flex_prog_r, number) 
                                }
                            }
                        }
                        (L:B21_flex_prog_l, number) s0
                        l0 (&gt;L:WP_flex_amount_1, number)
                        l0 (&gt;L:WP_flex_amount_l_1, number)
                        l0 (&gt;L:WP_flex_amount_l_2, number)
                        l0 (&gt;L:WP_flex_amount_l_3, number)
                        l0 (&gt;L:WP_flex_amount_l_4, number)
                        l0 (&gt;L:WP_flex_amount_l_5, number)
                        l0 (&gt;L:WP_flex_amount_l_6, number)
                        l0 (&gt;L:WP_flex_amount_l_7, number)
                        l0 (&gt;L:WP_flex_amount_l_8, number)
                        l0 (&gt;L:WP_flex_amount_l_9, number)
                        
                        (L:B21_flex_prog_r, number) s0
                        l0 (&gt;L:WP_flex_amount_2, number)
                        l0 (&gt;L:WP_flex_amount_r_1, number)
                        l0 (&gt;L:WP_flex_amount_r_2, number)
                        l0 (&gt;L:WP_flex_amount_r_3, number)
                        l0 (&gt;L:WP_flex_amount_r_4, number)
                        l0 (&gt;L:WP_flex_amount_r_5, number)
                        l0 (&gt;L:WP_flex_amount_r_6, number)
                        l0 (&gt;L:WP_flex_amount_r_7, number)
                        l0 (&gt;L:WP_flex_amount_r_8, number)
                        l0 (&gt;L:WP_flex_amount_r_9, number)
                    </Script>
                </Expression>
            </Select>
        </Element>
        <Comment><Value>*******************************************************
                    Display WP_flex port wing value
         **********************************************************************
         </Value></Comment>
        <Element id="flex amount">
            <FloatPosition>12,5</FloatPosition>
            <Visibility>1</Visibility>
            <GaugeText id="B21_mc">
                <Size>33,40</Size>
                <FontFace>Quartz</FontFace>
                <FontColor>#505050</FontColor>
                <FontHeight>17</FontHeight>
                <Length>3</Length>
                <Transparent>True</Transparent>
                <VerticalAlign>TOP</VerticalAlign>
                <HorizontalAlign>RIGHT</HorizontalAlign>
                <GaugeString>%( (L:WP_flex_amount_1, number) )%!+d!
                </GaugeString>
            </GaugeText>
        </Element>
        <Comment><Value>*******************************************************
                    Display WP_flex starboard wing value
         **********************************************************************
         </Value></Comment>
        <Element id="flex amount">
            <FloatPosition>12,23</FloatPosition>
            <Visibility>1</Visibility>
            <GaugeText id="B21_mc">
                <Size>33,40</Size>
                <FontFace>Quartz</FontFace>
                <FontColor>#505050</FontColor>
                <FontHeight>17</FontHeight>
                <Length>3</Length>
                <Transparent>True</Transparent>
                <VerticalAlign>TOP</VerticalAlign>
                <HorizontalAlign>RIGHT</HorizontalAlign>
                <GaugeString>%( (L:WP_flex_amount_2, number) )%!+d!
                </GaugeString>
            </GaugeText>
        </Element>

    </SimGauge.Gauge>
</SimBase.Document>
