<?xml version="1.0" encoding="UTF-8"?>
<SimBase.Document Type="AceXML" version="1,0">
    <Descr>AceXML Document</Descr>
    <Filename>yawstring.xml</Filename>
    <SimGauge.Gauge id="Gauge">
        <FloatPosition>0.000,0.000</FloatPosition>
        <Size>100,100</Size>
        <Element id="string">
            <FloatPosition>44.000,85.000</FloatPosition>
            <Select id="select">
                <Expression><Script>(E:ABSOLUTE TIME, Seconds) 10 * 2 % int</Script></Expression>
                <Case>
                    <ExpressionResult>0</ExpressionResult>
                    <Image id="string1.bmp" Name="string1.bmp">
                        <Transparent>True</Transparent>
                        <Bilinear>True</Bilinear>
                        <Axis>16,85</Axis>
                    </Image>
                </Case>
                <Case>
                    <ExpressionResult>1</ExpressionResult>
                    <Image id="string2.bmp" Name="string2.bmp">
                        <Transparent>True</Transparent>
                        <Bilinear>True</Bilinear>
                        <Axis>16,85</Axis>
                    </Image>
                </Case>
            </Select>
            <Rotation id="Rotation">
                <Expression id="Expression">
                    <Minimum>-1.000</Minimum>
                    <Maximum>1.000</Maximum>
                    <Script>(A:Turn coordinator ball,position) neg </Script>
                </Expression>
            </Rotation>
        </Element>             
        <Element id="string_base">
            <FloatPosition>34.000,85.000</FloatPosition>
            <Image id="string_base.bmp" Name="string_base.bmp">
                <Transparent>True</Transparent>
                <Bilinear>True</Bilinear>
            </Image>
        </Element>
    </SimGauge.Gauge>
</SimBase.Document>
