
<SimBase.Document Type="AceXML" version="1,0" id="variometer">
    <Filename>variometer.xml</Filename>
    <SimGauge.Gauge id="variometer" ArtDirectory="C:\Program Files\Microsoft Games\Microsoft Flight Simulator X\Gauges\b21_vario_v2\">
        <FloatPosition>0.000,0.000</FloatPosition>
        <Size>90,90</Size>
        <Image id="v2_background.bmp" Name="v2_background.bmp">
            <Transparent>True</Transparent>
        </Image>
        <Comment><Value>*******************************************************
                    DEBUG
         **********************************************************************
         </Value></Comment>
        <Element id="arrival height gaugetext">
            <FloatPosition>3.000,55.000</FloatPosition>
            <Visibility>0</Visibility>
            <GaugeText id="B21_mc">
                <Size>70,20</Size>
                <FontFace>Quartz</FontFace>
                <FontColor>#202020</FontColor>
                <FontHeight>20</FontHeight>
                <Length>1</Length>
                <Transparent>True</Transparent>
                <VerticalAlign>CENTER</VerticalAlign>
                <HorizontalAlign>RIGHT</HorizontalAlign>
                <GaugeString>%( (L:B21_wp_bearing, radians) )%!3.2f!</GaugeString>
            </GaugeText>
        </Element>
        <Comment><Value>*******************************************************
                    CALCULATE POLAR SINK RATE AT CURRENT AIRSPEED (as a +ve)
         **********************************************************************
         </Value></Comment>
        <Element>
            <Select id="expression polar sink">
                <Expression id="Expression2">
                    <Minimum>-10.000</Minimum>
                    <Maximum>10.000</Maximum>
                    <Script>
                       (A:AIRSPEED TRUE, meters per second) (&gt;G:Var5)
                       (G:Var5) 20 &lt; if{
                            (G:Var5) 0 - 20 0 - / 0.45 10 - * 10 + g1 }
                       (G:Var5) 25 &lt; if{
                            (G:Var5) 20 - 25 20 - / 0.55 0.45 - * 0.45 + g1 }
                       (G:Var5) 30 &lt; if{
                            (G:Var5) 25 - 30 25 - / 0.56 0.55 - * 0.55 + g1 }
                       (G:Var5) 40 &lt; if{
                            (G:Var5) 30 - 40 30 - / 0.85 0.56 - * 0.56 + g1 }
                       (G:Var5) 50 &lt; if{
                            (G:Var5) 40 - 50 40 - / 1.20 0.85 - * 0.85 + g1 }
                       (G:Var5) 50 - 75 50 - / 3.5 1.20 - * 1.20 +
                       :1
                       (&gt;L:B21_vario_v2_polar_sink, meters per second)
                    </Script>
                </Expression>
            </Select>
        </Element>
        <Comment><Value>*******************************************************
                    CALCULATE TE
         **********************************************************************
         </Value></Comment>
        <Element>
            <Select id="Select">
                <Expression id="expression te">
                    <Minimum>-5.000</Minimum>
                    <Maximum>5.000</Maximum>
                    <Script>
        				(A:AIRSPEED TRUE, meters per second) d * 
        			 	19.62 /  			
        				(A:PLANE ALTITUDE, meters) + 
        				0.25 * (G:Var2) 0.75 * +	
        				d (G:Var2) -			
        				(E:ABSOLUTE TIME, seconds)
        				0.25 * (G:Var1) 0.75 * +			
        				d (G:Var1) -			
        				r (&gt;G:Var1)	
        				/			
        				r (&gt;G:Var2)				
        				0.05 * (L:B21_vario_v2_te, meters per second) 0.95 * + 
        				(&gt;L:B21_vario_v2_te, meters per second)
				    </Script>
                </Expression>
            </Select>
        </Element>
        <Comment><Value>*******************************************************
                    CALCULATE DESTINATION ALT METERS MSL
         **********************************************************************
         </Value></Comment>
        <Element id="expression_actual_glide">
            <FloatPosition>0.000,0.000</FloatPosition>
            <Select id="Select">
                <Expression id="Expression2">
                    <Minimum>-99999.000</Minimum>
                    <Maximum>99999.000</Maximum>
                    <Script>
                        (C:POI:SelectedTargetMSLAltitude, meters) d 0 !=
                        if{
                            (&gt;L:B21_v2_wp_msl, meters)
                        } els{
                            (A:GPS WP NEXT ALT, meters)
                            (&gt;L:B21_v2_wp_msl, meters)
                        }                        
				    </Script>
                </Expression>
            </Select>
        </Element>
        <Comment><Value>*******************************************************
                    CALCULATE ARRIVAL HEIGHT
         **********************************************************************
         </Value></Comment>
        <Element id="expression_arrival_height">
            <FloatPosition>0.000,0.000</FloatPosition>
            <Select id="Select">
                <Expression id="Expression2">
                    <Minimum>-99999.000</Minimum>
                    <Maximum>+99999.000</Maximum>
                    <Script>
                        52  46  43.5    42   39    37   33    30    8 (L:B21_mccready, knots) case (&gt;L:B21_mc_v, meters per second)
                         2.74 1.92 1.61 1.45 1.15 1 0.77 0.67 8 (L:B21_mccready, knots) case (&gt;L:B21_mc_s, meters per second)
                        (C:POI:SelectedTargetDistance, meters) 0.001 > 
                        if{
                            (C:POI:SelectedTargetDistance, meters) (&gt;L:B21_distance_to_go, meters)
                            (C:POI:SelectedTargetBearing, degrees) dgrd 
                            (A:PLANE HEADING DEGREES TRUE, radians) + pi + pi + 6.2832 % (&gt;L:B21_wp_bearing, radians)
                            }
                        els{
                            (A:GPS WP DISTANCE, meters) (&gt;L:B21_distance_to_go, meters)
                            (A:GPS WP TRUE BEARING, radians) (&gt;L:B21_wp_bearing, radians)
                            }
                        (A:AMBIENT WIND DIRECTION, radians) (L:B21_wp_bearing, radians) - pi - (&gt;L:B21_theta, radians)
                        (A:AMBIENT WIND VELOCITY, meters per second) (&gt;L:B21_wind_velocity, meters per second)
                        (L:B21_theta, radians) cos (L:B21_wind_velocity, meters per second) * (&gt;L:B21_x, meters per second)
                        (L:B21_theta, radians) sin (L:B21_wind_velocity, meters per second) * (&gt;L:B21_y, meters per second)
                        (L:B21_mc_v, meters per second) sqr (L:B21_y, meters per second) sqr - sqrt
                        (L:B21_x, meters per second) + (&gt;L:B21_vw, meters per second)
                        (L:B21_distance_to_go, meters) (L:B21_vw, meters per second) /
                        (L:B21_mc_s, meters per second) * (&gt;L:B21_height_needed, meters)
                        (A:PLANE ALTITUDE, meters) (L:B21_height_needed, meters) - 
                        
                        (L:B21_v2_wp_msl, meters) -
                        
                        (&gt;L:B21_arrival_height, meters)
                    </Script>
                </Expression>
            </Select>
        </Element>
        <Comment><Value>*******************************************************
                    CALCULATE ACTUAL GLIDE RATIO
         **********************************************************************
         </Value></Comment>
        <Element id="expression_actual_glide">
            <FloatPosition>0.000,0.000</FloatPosition>
            <Select id="Select">
                <Expression id="Expression2">
                    <Minimum>-99999.000</Minimum>
                    <Maximum>99999.000</Maximum>
                    <Script>
                        (A:AIRSPEED TRUE, meters per second) (L:B21_vario_v2_te, meters per second) neg / d
                        99 &gt;
                        if{
                            99
                        }
                        d
                        0 &lt;
                        if{
                            0
                        }
                        (&gt;L:B21_vario_v2_actual_glide, number)
				    </Script>
                </Expression>
            </Select>
        </Element>
        <Comment><Value>*******************************************************
         **********************************************************************
                    DISPLAY ELEMENTS
         **********************************************************************
         **********************************************************************
         </Value></Comment>
        <Comment><Value>*******************************************************
                     Flap position
         **********************************************************************
         </Value></Comment>
        <Element id="flap position index">
            <FloatPosition>55.000,35.000</FloatPosition>
            <Visibility>1</Visibility>
            <GaugeText id="actual glide ratio">
                <Size>30,20</Size>
                <FontFace>Quartz</FontFace>
                <FontColor>#505050</FontColor>
                <FontHeight>20</FontHeight>
                <Length>9</Length>
                <Transparent>True</Transparent>
                <VerticalAlign>CENTER</VerticalAlign>
                <GaugeString>%( (A:FLAPS HANDLE INDEX, number) 2 - )%!+2d!</GaugeString>
            </GaugeText>
        </Element>
        <Comment><Value>*******************************************************
                    L/D Ratio
         **********************************************************************
         </Value></Comment>
        <Element id="L/D ratio">
            <FloatPosition>4.000,35.000</FloatPosition>
            <Visibility>0</Visibility>
            <GaugeText id="actual glide ratio">
                <Size>30,20</Size>
                <FontFace>Quartz</FontFace>
                <FontColor>#505050</FontColor>
                <FontHeight>20</FontHeight>
                <Length>2</Length>
                <Transparent>True</Transparent>
                <HorizontalAlign>RIGHT</HorizontalAlign>
                <VerticalAlign>CENTER</VerticalAlign>
                <GaugeString>%( (L:B21_vario_v2_actual_glide, number) )%!2.0f!</GaugeString>
            </GaugeText>
        </Element>
        <Comment><Value>*******************************************************
                    McCready setting
         **********************************************************************
         </Value></Comment>
        <Element id="arrival height gaugetext">
            <FloatPosition>30.000,55.000</FloatPosition>
            <Visibility>(P:Units of measure, enum) 2 &lt;</Visibility>
            <GaugeText id="B21_mc">
                <Size>20,20</Size>
                <FontFace>Quartz</FontFace>
                <FontColor>#505050</FontColor>
                <FontHeight>20</FontHeight>
                <Length>1</Length>
                <Transparent>True</Transparent>
                <VerticalAlign>CENTER</VerticalAlign>
                <HorizontalAlign>RIGHT</HorizontalAlign>
                <GaugeString>%( (L:B21_mccready, knots) )%!d!</GaugeString>
            </GaugeText>
        </Element>
        <Element id="arrival height gaugetext">
            <FloatPosition>30.000,55.000</FloatPosition>
            <Visibility>(P:Units of measure, enum) 2 ==</Visibility>
            <GaugeText id="B21_mc">
                <Size>30,20</Size>
                <FontFace>Quartz</FontFace>
                <FontColor>#505050</FontColor>
                <FontHeight>20</FontHeight>
                <Length>1</Length>
                <Transparent>True</Transparent>
                <VerticalAlign>CENTER</VerticalAlign>
                <HorizontalAlign>RIGHT</HorizontalAlign>
                <GaugeString>%( (L:B21_mccready, knots) 2 / )%!1.1f!</GaugeString>
            </GaugeText>
        </Element>
        <Comment><Value>*******************************************************
                    Arrival Height
         **********************************************************************
         </Value></Comment>
        <Element id="arrival_height_gaugetext">
            <FloatPosition>5.000,15.000</FloatPosition>
            <Visibility>1</Visibility>
            <GaugeText id="B21_arrival_height">
                <Size>60,20</Size>
                <FontFace>Quartz</FontFace>
                <FontColor>#505050</FontColor>
                <FontHeight>20</FontHeight>
                <Length>5</Length>
                <Transparent>True</Transparent>
                <HorizontalAlign>RIGHT</HorizontalAlign>
                <VerticalAlign>CENTER</VerticalAlign>
                <GaugeString>%( (P:Units of measure, enum) 2 == if{ (L:B21_arrival_height, meters) } els{ (L:B21_arrival_height, feet) } 10 / int 10 * )%!+5d!</GaugeString>
            </GaugeText>
        </Element>
        <Comment><Value>*******************************************************
                    NEEDLE
         **********************************************************************
         </Value></Comment>
        <Element id="Element">
            <FloatPosition>45.000,44.333</FloatPosition>
            <Image id="variometer_needle.bmp" Name="variometer_needle.bmp">
                <Transparent>True</Transparent>
                <Axis>43.000,8.333</Axis>
            </Image>
            <Rotation id="Rotation">
                <PointsTo>WEST</PointsTo>
                <NonlinearityTable id="NonlinearityTable">
                    <NonlinearityEntry id="-10">
                        <ExpressionResult>-5</ExpressionResult>
                        <FloatPosition>79.000,45.000</FloatPosition>
                    </NonlinearityEntry>
                    <NonlinearityEntry id="0">
                        <ExpressionResult>0</ExpressionResult>
                        <FloatPosition>1.000,45.000</FloatPosition>
                    </NonlinearityEntry>
                    <NonlinearityEntry id="10">
                        <ExpressionResult>5</ExpressionResult>
                        <FloatPosition>79.000,45.000</FloatPosition>
                    </NonlinearityEntry>                                                                                                  
                </NonlinearityTable>
                <Expression id="Expression">
                    <Minimum>-5.000</Minimum>
                    <Maximum>5.000</Maximum>
                    <Comment>(G:Var3) (G:Var4) +</Comment>
                    <Script>(L:B21_vario_v2_te, meters per second)
                            (L:B21_vario_v2_polar_sink, meters per second) +
                    </Script>
                </Expression>
            </Rotation>
        </Element>
        <Comment><Value>*******************************************************
         **********************************************************************
                    MOUSEAREA
         **********************************************************************
         **********************************************************************
         </Value></Comment>
        <MouseArea id="MouseArea all">
            <FloatPosition>0.000,0.000</FloatPosition>
            <Size>90,90</Size>
            <CursorType>hand</CursorType>
            <MouseArea id="start/stop">
                <Visibility>1</Visibility>
                <FloatPosition>0.000,64.000</FloatPosition>
                <Size>26,26</Size>
                <CursorType>DownArrow</CursorType>
                <MouseClick id="MouseClick">
                    <Script>
                        (L:B21_mccready, knots) 0 &gt; if{ 
                        (L:B21_mccready, knots) 1 - int (&gt;L:B21_mccready, knots)
                        }
                    </Script>
                    <ClickType>LeftSingle</ClickType>
                </MouseClick>
            </MouseArea>
            <MouseArea id="reset">
                <FloatPosition>64.000,64.000</FloatPosition>
                <Size>26,26</Size>
                <CursorType>UpArrow</CursorType>
                <MouseClick id="MouseClick">
                    <Script>
                        (L:B21_mccready, knots) 7 &lt; if{ 
                        (L:B21_mccready, knots) 1 + int (&gt;L:B21_mccready, knots)
                        }
                    </Script>
                    <ClickType>LeftSingle</ClickType>
                </MouseClick>
            </MouseArea>
        </MouseArea>
    </SimGauge.Gauge>
</SimBase.Document>
