﻿<?xml version="1.0" encoding="UTF-8"?>

<SimBase.Document Type="MissionFile" version="1,0">
    <Descr>Fly the SOAR DG in the Austrian mountains.  Fly around the course in record time.</Descr>
    <Title>Dornbirn Hilltop Hop</Title>
    <WorldBase.Flight>
        <SimMission.ObjectActivationAction InstanceId="{40EF1BBD-699F-42C9-8B1E-BDD33A5E47A6}">
            <Descr>Act_Landing_Trigger 1</Descr>
            <ObjectReferenceList>
                <ObjectReference id="LandTrigger 1" InstanceId="{CE6477CB-AA37-4A14-8E58-E4EBEB287FA8}">
                </ObjectReference>
            </ObjectReferenceList>
        </SimMission.ObjectActivationAction>
        <SimMission.ObjectActivationAction InstanceId="{CF8D098A-F4D0-4AEB-94D8-ACE30B546A4E}">
            <Descr>Act_Test_Briefing 1</Descr>
            <ObjectReferenceList>
                <ObjectReference id="Test_Briefing 1" InstanceId="{E6CE5989-5893-4908-AB20-469961276FF9}">
                </ObjectReference>
            </ObjectReferenceList>
        </SimMission.ObjectActivationAction>
        <SimMission.PointOfInterestActivationAction InstanceId="{E390F4B7-1AD8-43A7-8B45-C94447954BE9}">
            <Descr>Act_Tgt_POI</Descr>
            <ObjectReferenceList>
                <ObjectReference id="Target Airport POI" InstanceId="{D03CD946-38F8-4367-BCFC-3BF65B5AE69B}">
                </ObjectReference>
            </ObjectReferenceList>
        </SimMission.PointOfInterestActivationAction>
        <SimMission.PointOfInterestActivationAction InstanceId="{4D052BD9-B6AF-402E-81BD-CA9C4D72E81F}">
            <Descr>Activate POI 1</Descr>
            <ObjectReferenceList>
                <ObjectReference id="POI Waypoint 1" InstanceId="{A400BE1C-2A16-4F1B-9E31-5B379B8AD1C5}">
                </ObjectReference>
            </ObjectReferenceList>
        </SimMission.PointOfInterestActivationAction>
        <SimMission.PointOfInterestActivationAction InstanceId="{5A63019A-552F-4BDF-A14C-D4628BFDD83E}">
            <Descr>Activate POI 2</Descr>
            <ObjectReferenceList>
                <ObjectReference id="POI Waypoint 2" InstanceId="{6E095602-517D-4A07-8560-E5D1327FA8A3}">
                </ObjectReference>
            </ObjectReferenceList>
        </SimMission.PointOfInterestActivationAction>
        <SimMission.PointOfInterestActivationAction InstanceId="{047F3B53-1DC0-408A-94E4-90B10C2F0871}">
            <Descr>Activate POI 3</Descr>
            <ObjectReferenceList>
                <ObjectReference id="POI Waypoint 3" InstanceId="{72A226EB-188C-4FBC-A7C1-90ED9F3B27E3}">
                </ObjectReference>
            </ObjectReferenceList>
        </SimMission.PointOfInterestActivationAction>
        <SimMission.PointOfInterestActivationAction InstanceId="{F2CBF665-9677-47D5-AA6A-36A1008ECC4D}">
            <Descr>Activate POI 4</Descr>
            <ObjectReferenceList>
                <ObjectReference id="POI Waypoint 4" InstanceId="{F25A51E0-CF1D-4E0E-A9FF-5CD691423E55}">
                </ObjectReference>
            </ObjectReferenceList>
        </SimMission.PointOfInterestActivationAction>
        <SimMission.PointOfInterestActivationAction InstanceId="{41F45B5B-1B72-4034-AC59-CC64BC492298}">
            <Descr>Activate POI 5</Descr>
            <ObjectReferenceList>
                <ObjectReference id="POI Waypoint 5" InstanceId="{AB88A1E0-4443-40B6-96D0-0D7B247B3DD6}">
                </ObjectReference>
            </ObjectReferenceList>
        </SimMission.PointOfInterestActivationAction>
        <SimMission.PointOfInterestActivationAction InstanceId="{A60412DB-C96E-435E-A274-08FD08AFC450}">
            <Descr>Activate POI 6</Descr>
            <ObjectReferenceList>
                <ObjectReference id="POI Waypoint 6" InstanceId="{515ECABE-8A15-4E74-82A4-139582F41FA5}">
                </ObjectReference>
            </ObjectReferenceList>
        </SimMission.PointOfInterestActivationAction>
        <SimMission.ObjectActivationAction InstanceId="{EB1D7EA2-36F9-480D-B55A-21DD6976A66C}">
            <Descr>Activate Wpt Prox. 1</Descr>
            <ObjectReferenceList>
                <ObjectReference id="Waypoint 1 Trigger" InstanceId="{69A7F80A-1145-4C12-9332-1B69BC53104A}">
                </ObjectReference>
            </ObjectReferenceList>
        </SimMission.ObjectActivationAction>
        <SimMission.ObjectActivationAction InstanceId="{8FEF2BD1-3F06-4229-B136-946A6F78B6EA}">
            <Descr>Activate Wpt Prox. 2</Descr>
            <ObjectReferenceList>
                <ObjectReference id="Waypoint 2 Trigger" InstanceId="{C65711AC-B511-48DB-8A06-1678123511C4}">
                </ObjectReference>
            </ObjectReferenceList>
        </SimMission.ObjectActivationAction>
        <SimMission.ObjectActivationAction InstanceId="{7C36DEC5-CD0D-4EC2-9545-B0C47C71C3B3}">
            <Descr>Activate Wpt Prox. 3</Descr>
            <ObjectReferenceList>
                <ObjectReference id="Waypoint 3 Trigger" InstanceId="{2CC88E44-9670-4F95-805B-C7CBD1A744D1}">
                </ObjectReference>
            </ObjectReferenceList>
        </SimMission.ObjectActivationAction>
        <SimMission.ObjectActivationAction InstanceId="{2D6E3E44-A246-4BE1-A01F-D55F48C37CAF}">
            <Descr>Activate Wpt Prox. 4</Descr>
            <ObjectReferenceList>
                <ObjectReference id="Waypoint 4 Trigger" InstanceId="{551BAC11-DFA0-4B67-B096-8C812469B3DA}">
                </ObjectReference>
            </ObjectReferenceList>
        </SimMission.ObjectActivationAction>
        <SimMission.ObjectActivationAction InstanceId="{6C885C27-9761-488B-B144-EDC20A3F7BEC}">
            <Descr>Activate Wpt Prox. 5</Descr>
            <ObjectReferenceList>
                <ObjectReference id="Waypoint 5 Trigger" InstanceId="{6EE2989C-9694-4262-A185-BF2E03C36742}">
                </ObjectReference>
            </ObjectReferenceList>
        </SimMission.ObjectActivationAction>
        <SimMission.ObjectActivationAction InstanceId="{79163289-3699-4112-9607-27358C2DA10A}">
            <Descr>Activate Wpt Prox. 6</Descr>
            <ObjectReferenceList>
                <ObjectReference id="Waypoint 6 Trigger" InstanceId="{117D63D3-B5CA-4A95-936B-318B7ACDAB81}">
                </ObjectReference>
            </ObjectReferenceList>
        </SimMission.ObjectActivationAction>
        <SimMission.ObjectActivationAction InstanceId="{FE425B2A-EBEF-42FF-B3D3-C4752842C008}">
            <Descr>activate wpt prox. 7</Descr>
            <ObjectReferenceList>
                <ObjectReference id="Waypoint 7 trigger" InstanceId="{520ECF1D-252A-4C46-A424-F325C09484E5}">
                </ObjectReference>
            </ObjectReferenceList>
        </SimMission.ObjectActivationAction>
        <SimMission.DialogAction InstanceId="{9664D9FB-3950-4CEC-B704-165BFBE603DB}">
            <SoundFileName>WizFinalHdg.wav</SoundFileName>
            <Text>fly downhill faster,
 but not to fast
</Text>
            <Descr>Bad Ragaz Landing Dialog</Descr>
        </SimMission.DialogAction>
        <SimMission.DialogAction InstanceId="{B5656194-649E-4F4B-AFB8-63205829FD76}">
            <SoundFileName>HeightFail.wav</SoundFileName>
            <Text>Icarous 1 - you are too close to the sun.  Your wings have melted and you are done.</Text>
            <Descr>da_height_limit</Descr>
        </SimMission.DialogAction>
        <SimMission.DialogAction InstanceId="{33FE41CC-EFAA-4F9E-980C-9228401E58AF}">
            <SoundFileName>HeightWarn.wav</SoundFileName>
            <Text>Icarous 1 - the height limit is 11,000 ft, watch your altitude!</Text>
            <Descr>da_height_warning</Descr>
        </SimMission.DialogAction>
        <SimMission.DialogAction InstanceId="{D9C656D5-6647-48BE-ABF3-F11CB6049BA9}">
            <SoundFileName>finishedrace.wav</SoundFileName>
            <Text>You have finished the race
</Text>
            <Descr>da_finished_race</Descr>
        </SimMission.DialogAction>
        <SimMission.DialogAction InstanceId="{015A5E88-6D0C-4880-9C25-241A6D0F4AC9}">
            <Descr>DA_LandedOut</Descr>
            <SoundFileName>landedout.wav</SoundFileName>
        </SimMission.DialogAction>
        <SimMission.DialogAction InstanceId="{9AFEB2CA-54CD-4E5A-8588-01C4E1ACFEF3}">
            <SoundFileName>LGear.wav</SoundFileName>
            <Text>If you retract your landing gear your flight will be longer
</Text>
            <Descr>DA_LandingGear</Descr>
        </SimMission.DialogAction>
        <SimMission.DialogAction InstanceId="{BB8058F7-D5FA-4F2D-A27A-C2869EF1977D}">
            <SoundFileName>TowFail.wav</SoundFileName>
            <Text>You haved stayed on tow too long to be in the race.  Enjoy your flight
</Text>
            <Descr>DA_TowFail</Descr>
        </SimMission.DialogAction>
        <SimMission.DialogAction InstanceId="{B4A735F6-6CC2-40EB-9624-2D327D3C3776}">
            <Descr>DA_TowInstr</Descr>
            <Text>Press Ctrl Shift Y    to call the tow plane</Text>
            <SoundFileName>TowInstr.wav</SoundFileName>
        </SimMission.DialogAction>
        <SimMission.DialogAction InstanceId="{263D0A20-8A6C-46E2-80C1-52FD9E1DAC0D}">
            <SoundFileName>TowWarn1.wav</SoundFileName>
            <Text>4,500 ft is the maximum tow height. Click the yellow knob!
</Text>
            <Descr>DA_TowWarn1</Descr>
        </SimMission.DialogAction>
        <SimMission.DialogAction InstanceId="{0826579F-4F03-430E-B736-CF9E65E41F70}">
            <SoundFileName>TowWarn2.wav</SoundFileName>
            <Text>press          shify y        NOW!
</Text>
            <Descr>DA_TowWarn2</Descr>
        </SimMission.DialogAction>
        <SimMission.DialogAction InstanceId="{AD8C95A7-4CB2-4A61-9E78-A033FE32C0B8}">
            <SoundFileName>Intro2.wav</SoundFileName>
            <DelaySeconds>15.000</DelaySeconds>
            <Text>4,500 ft limit for tow. 4,000 ft limit for start gate.  11,000 ft limit for compition
</Text>
            <Descr>Dlg_Briefing 1</Descr>
        </SimMission.DialogAction>
        <SimMission.DialogAction InstanceId="{EE304EEC-9939-4D47-A842-7C0E1F9B2557}">
            <SoundFileName>Intro1.wav</SoundFileName>
            <Text>Welcome to the mission.  The wind is from the nw at 14, increasing with altitude.  The tow height limit is 4500 ft. The start gate limit is 4000 ft .  The height limit for todays event is 11,500 ft.  Good luck
press ctrl-shift-y for tug
</Text>
            <DelaySeconds>3.000</DelaySeconds>
            <Descr>Dlg_Intro 1</Descr>
        </SimMission.DialogAction>
        <SimMission.DialogAction InstanceId="{CB9C7589-A5C5-49AD-BE8F-60A061A75FD0}">
            <SoundFileName>LandedOK.wav</SoundFileName>
            <Text>Successful landing! YOU WON!!!
</Text>
            <Descr>Dlg_Landed 1</Descr>
        </SimMission.DialogAction>
        <SimMission.GoalResolutionAction InstanceId="{2202147A-9C6F-4AD6-AB7D-36F1A65FCD75}">
            <GoalResolution>failed</GoalResolution>
            <Descr>GoalResAct_mission_fail</Descr>
            <Goals>
                <ObjectReference id="Goal_Landed 1" InstanceId="{7F181802-77F1-49E1-8646-AC85DAEC7287}">
                </ObjectReference>
            </Goals>
        </SimMission.GoalResolutionAction>
        <SimMission.GoalResolutionAction InstanceId="{CCD652A0-C1F7-4CFA-A0CE-5C53D1AAB839}">
            <Descr>New Goal Resolution 1</Descr>
            <Goals>
                <ObjectReference id="Goal_Landed 1" InstanceId="{7F181802-77F1-49E1-8646-AC85DAEC7287}">
                </ObjectReference>
            </Goals>
        </SimMission.GoalResolutionAction>
        <SimMission.ObjectActivationAction InstanceId="{3F107090-7D45-49CA-B29A-58213E1A3F10}">
            <Descr>OAA_LandoutCheckOff</Descr>
            <NewObjectState>False</NewObjectState>
            <ObjectReferenceList>
                <ObjectReference id="ALT_landoutTrigger" InstanceId="{709114E8-B753-449A-943E-5ED3A7A362D2}">
                </ObjectReference>
            </ObjectReferenceList>
        </SimMission.ObjectActivationAction>
        <SimMission.ObjectActivationAction InstanceId="{F482F0CC-9162-4357-886B-59695A80276A}">
            <Descr>OAA_LgearCheckOn</Descr>
            <ObjectReferenceList>
                <ObjectReference id="PT_LGearCheck" InstanceId="{C1EF922A-6EE2-4494-A1AF-A65D7AE2AD7F}">
                </ObjectReference>
            </ObjectReferenceList>
        </SimMission.ObjectActivationAction>
        <SimMission.ObjectActivationAction InstanceId="{A0E9246F-A7B1-4971-8D7E-E96004E1D910}">
            <Descr>Oaa_TowFail_poi1_off</Descr>
            <NewObjectState>False</NewObjectState>
            <ObjectReferenceList>
                <ObjectReference id="POI Waypoint 1" InstanceId="{A400BE1C-2A16-4F1B-9E31-5B379B8AD1C5}">
                </ObjectReference>
            </ObjectReferenceList>
        </SimMission.ObjectActivationAction>
        <SimMission.ObjectActivationAction InstanceId="{1E32E3B0-2EB0-4BAA-8396-80E3F95CB39C}">
            <Descr>OAA_TowFail_wp1_off</Descr>
            <NewObjectState>False</NewObjectState>
            <ObjectReferenceList>
                <ObjectReference id="Waypoint 1 Trigger" InstanceId="{69A7F80A-1145-4C12-9332-1B69BC53104A}">
                </ObjectReference>
            </ObjectReferenceList>
        </SimMission.ObjectActivationAction>
        <SimMission.ObjectActivationAction InstanceId="{55299572-1BFF-403C-8903-C815C1D14E4B}">
            <Descr>OAA_TowInstr</Descr>
            <ObjectReferenceList>
                <ObjectReference id="PT_TowInstr" InstanceId="{DFB9078A-B7B7-4D7A-832B-C3ACC4247E06}">
                </ObjectReference>
            </ObjectReferenceList>
        </SimMission.ObjectActivationAction>
        <SimMission.ObjectActivationAction InstanceId="{BABDD1F5-9181-45D1-963A-18001B3E8C0C}">
            <Descr>obj_tasktimer_off</Descr>
            <NewObjectState>False</NewObjectState>
            <ObjectReferenceList>
                <ObjectReference id="tmr_tasktimer" InstanceId="{6D4407A9-649F-4E28-B841-36C977C786BB}">
                </ObjectReference>
            </ObjectReferenceList>
        </SimMission.ObjectActivationAction>
        <SimMission.ObjectActivationAction InstanceId="{DC08B23D-AA90-4DDE-BC33-04080743CC11}">
            <Descr>obj_tasktimer_on</Descr>
            <ObjectReferenceList>
                <ObjectReference id="tmr_tasktimer" InstanceId="{6D4407A9-649F-4E28-B841-36C977C786BB}">
                </ObjectReference>
            </ObjectReferenceList>
        </SimMission.ObjectActivationAction>
        <SimMission.DialogAction InstanceId="{64EDBEBE-1551-4026-8DEF-916A407D5C13}">
            <SoundFileName>WizWpt1.wav</SoundFileName>
            <Text>keep flying
</Text>
            <Descr>Wpt. 1 Dialog</Descr>
        </SimMission.DialogAction>
        <SimMission.DialogAction InstanceId="{1ADF5259-3272-4D68-B7C8-4B145D794B59}">
            <SoundFileName>WizWpt2.wav</SoundFileName>
            <Text>fly higher
</Text>
            <Descr>Wpt. 2 Dialog</Descr>
        </SimMission.DialogAction>
        <SimMission.DialogAction InstanceId="{4DF0FF1E-3934-4297-B2D9-4F0689A609AB}">
            <SoundFileName>WizWpt3.wav</SoundFileName>
            <Text>fly faster
</Text>
            <Descr>Wpt. 3 Dialog</Descr>
        </SimMission.DialogAction>
        <SimMission.DialogAction InstanceId="{D6F67C2F-8D5D-4D1C-AD3B-70ABF75F45DD}">
            <SoundFileName>WizWpt4.wav</SoundFileName>
            <Text>fly more
</Text>
            <Descr>Wpt. 4 Dialog</Descr>
        </SimMission.DialogAction>
        <SimMission.DialogAction InstanceId="{36C563A4-31CC-4330-81F6-BA16BE324D96}">
            <SoundFileName>WizWpt5.wav</SoundFileName>
            <Text>fly next to snow
</Text>
            <Descr>Wpt. 5 Dialog</Descr>
        </SimMission.DialogAction>
        <SimMission.DialogAction InstanceId="{189604D0-B74A-414F-AF76-68DB77445BF9}">
            <SoundFileName>WizWpt6.wav</SoundFileName>
            <Text>fly downhill
</Text>
            <Descr>Wpt. 6 Dialog</Descr>
        </SimMission.DialogAction>
        <SimMission.RectangleArea InstanceId="{9DED4D24-5B70-47FB-9174-CC0D1A3F9593}">
            <Orientation>0.000,0.000,222.101</Orientation>
            <Height>1219.200</Height>
            <Width>300.000</Width>
            <Length>300.000</Length>
            <Descr>Waypoint 1 Area</Descr>
            <AttachedWorldPosition>
                <WorldPosition>N47° 19' 49.52",E9° 37' 21.66",+000000.00</WorldPosition>
                <AltitudeIsAGL>False</AltitudeIsAGL>
            </AttachedWorldPosition>
        </SimMission.RectangleArea>
        <SimMission.RectangleArea InstanceId="{75F8D618-3F40-4B95-AD9D-FE0F21C4EBE8}">
            <Width>125.000</Width>
            <Length>125.000</Length>
            <Orientation>0.000,0.000,192.817</Orientation>
            <Height>12500.000</Height>
            <Descr>Waypoint 2 Area</Descr>
            <AttachedWorldPosition>
                <WorldPosition>N47° 9' 58.04",E9° 33' 40.88",+000000.00</WorldPosition>
                <AltitudeIsAGL>True</AltitudeIsAGL>
            </AttachedWorldPosition>
        </SimMission.RectangleArea>
        <SimMission.RectangleArea InstanceId="{5C5103CD-034E-4D45-9F70-571AB74DB6C6}">
            <Width>125.000</Width>
            <Length>125.000</Length>
            <Orientation>0.000,0.000,174.094</Orientation>
            <Height>12500.000</Height>
            <Descr>Waypoint 3 Area</Descr>
            <AttachedWorldPosition>
                <WorldPosition>N47° 2' 58.90",E9° 33' 54.96",+000000.00</WorldPosition>
                <AltitudeIsAGL>True</AltitudeIsAGL>
            </AttachedWorldPosition>
        </SimMission.RectangleArea>
        <SimMission.RectangleArea InstanceId="{B46E182E-DFF6-468D-933B-C215060AD629}">
            <Width>125.000</Width>
            <Length>125.000</Length>
            <Orientation>0.000,0.000,202.748</Orientation>
            <Height>12500.000</Height>
            <Descr>Waypoint 4 Area</Descr>
            <AttachedWorldPosition>
                <WorldPosition>N46° 53' 58.80",E9° 28' 6.60",+000000.00</WorldPosition>
                <AltitudeIsAGL>True</AltitudeIsAGL>
            </AttachedWorldPosition>
        </SimMission.RectangleArea>
        <SimMission.RectangleArea InstanceId="{FF154A03-762C-4EE4-81D7-B4F885DDA9DA}">
            <Width>125.000</Width>
            <Length>125.000</Length>
            <Orientation>0.000,0.000,293.121</Orientation>
            <Height>12500.000</Height>
            <Descr>Waypoint 5 Area</Descr>
            <AttachedWorldPosition>
                <WorldPosition>N46° 53' 57.71",E9° 20' 44.50",+000000.00</WorldPosition>
                <AltitudeIsAGL>True</AltitudeIsAGL>
            </AttachedWorldPosition>
        </SimMission.RectangleArea>
        <SimMission.RectangleArea InstanceId="{12A4EF5F-04AF-40CC-ABB1-1BE789C8E914}">
            <Width>125.000</Width>
            <Length>125.000</Length>
            <Orientation>0.000,0.000,8.859</Orientation>
            <Height>12500.000</Height>
            <Descr>Waypoint 6 Area</Descr>
            <AttachedWorldPosition>
                <WorldPosition>N47° 8' 1.02",E9° 21' 42.81",+000000.00</WorldPosition>
                <AltitudeIsAGL>True</AltitudeIsAGL>
            </AttachedWorldPosition>
        </SimMission.RectangleArea>
        <SimMission.RectangleArea InstanceId="{DDD5C1AA-3FF7-45FA-AA6E-3E1655DF6A73}">
            <Orientation>0.000,0.000,0.000</Orientation>
            <Length>125.000</Length>
            <Width>125.000</Width>
            <Height>12500.000</Height>
            <Descr>Waypoint 7 area</Descr>
            <AttachedWorldPosition>
                <WorldPosition>N47° 23' 7.20",E9° 42' 1.80",+000000.00</WorldPosition>
                <AltitudeIsAGL>True</AltitudeIsAGL>
            </AttachedWorldPosition>
        </SimMission.RectangleArea>
        <SimMission.AreaLandingTrigger InstanceId="{709114E8-B753-449A-943E-5ED3A7A362D2}">
            <Descr>ALT_landoutTrigger</Descr>
            <Actions>
                <ObjectReference id="DA_LandedOut" InstanceId="{015A5E88-6D0C-4880-9C25-241A6D0F4AC9}">
                </ObjectReference>
                <ObjectReference id="GoalResAct_mission_fail" InstanceId="{2202147A-9C6F-4AD6-AB7D-36F1A65FCD75}">
                </ObjectReference>
            </Actions>
        </SimMission.AreaLandingTrigger>
        <SimMission.AirportLandingTrigger InstanceId="{CE6477CB-AA37-4A14-8E58-E4EBEB287FA8}">
            <Activated>False</Activated>
            <AirportIdent>LOIH</AirportIdent>
            <Descr>LandTrigger 1</Descr>
            <Actions>
                <ObjectReference id="Dlg_Landed 1" InstanceId="{CB9C7589-A5C5-49AD-BE8F-60A061A75FD0}">
                </ObjectReference>
                <ObjectReference id="New Goal Resolution 1" InstanceId="{CCD652A0-C1F7-4CFA-A0CE-5C53D1AAB839}">
                </ObjectReference>
            </Actions>
        </SimMission.AirportLandingTrigger>
        <SimMission.PropertyTrigger InstanceId="{647BF3C1-8135-4276-8FD0-BCB16199328B}">
            <Descr>PT_height_limit</Descr>
            <Actions>
                <ObjectReference id="da_height_limit" InstanceId="{B5656194-649E-4F4B-AFB8-63205829FD76}">
                </ObjectReference>
                <ObjectReference id="GoalResAct_mission_fail" InstanceId="{2202147A-9C6F-4AD6-AB7D-36F1A65FCD75}">
                </ObjectReference>
            </Actions>
            <Condition>
                <And>
                    <GreaterThan>
                        <LHS>
                            <Property>
                                <PropertySource>User</PropertySource>
                                <Name>Simvar.AltitudeAMSL</Name>
                                <Units>feet</Units>
                            </Property>
                        </LHS>
                        <RHS>
                            <Constant>
                                <Double>11000.000</Double>
                            </Constant>
                        </RHS>
                    </GreaterThan>
                </And>
            </Condition>
        </SimMission.PropertyTrigger>
        <SimMission.PropertyTrigger InstanceId="{AF00CCA3-33C3-4FAF-AAE6-0679B12060E5}">
            <Descr>PT_height_warning</Descr>
            <Actions>
                <ObjectReference id="da_height_warning" InstanceId="{33FE41CC-EFAA-4F9E-980C-9228401E58AF}">
                </ObjectReference>
            </Actions>
            <Condition>
                <And>
                    <GreaterThan>
                        <LHS>
                            <Property>
                                <PropertySource>User</PropertySource>
                                <Name>Simvar.AltitudeAMSL</Name>
                                <Units>feet</Units>
                            </Property>
                        </LHS>
                        <RHS>
                            <Constant>
                                <Double>10750.000</Double>
                            </Constant>
                        </RHS>
                    </GreaterThan>
                </And>
            </Condition>
        </SimMission.PropertyTrigger>
        <SimMission.PropertyTrigger InstanceId="{C1EF922A-6EE2-4494-A1AF-A65D7AE2AD7F}">
            <Activated>False</Activated>
            <Descr>PT_LGearCheck</Descr>
            <Actions>
                <ObjectReference id="DA_LandingGear" InstanceId="{9AFEB2CA-54CD-4E5A-8588-01C4E1ACFEF3}">
                </ObjectReference>
            </Actions>
            <Condition>
                <And>
                    <GreaterThan>
                        <LHS>
                            <Property>
                                <PropertySource>User</PropertySource>
                                <Name>Simvar.AltitudeAMSL</Name>
                                <Units>feet</Units>
                            </Property>
                        </LHS>
                        <RHS>
                            <Constant>
                                <Double>3000.000</Double>
                            </Constant>
                        </RHS>
                    </GreaterThan>
                    <Equal>
                        <LHS>
                            <Property>
                                <PropertySource>User</PropertySource>
                                <Name>Simvar.LandingGearHandlePosition</Name>
                            </Property>
                        </LHS>
                        <RHS>
                            <Constant>
                                <Bool>True</Bool>
                            </Constant>
                        </RHS>
                    </Equal>
                    <Equal>
                        <LHS>
                            <Property>
                                <PropertySource>User</PropertySource>
                                <Name>Simvar.TowConnection</Name>
                            </Property>
                        </LHS>
                        <RHS>
                            <Constant>
                                <Bool>True</Bool>
                            </Constant>
                        </RHS>
                    </Equal>
                </And>
            </Condition>
        </SimMission.PropertyTrigger>
        <SimMission.PropertyTrigger InstanceId="{B2A6C9FD-A937-4D2A-9EE7-41D45A837F2C}">
            <Descr>PT_TowFail</Descr>
            <Condition>
                <And>
                    <GreaterThan>
                        <LHS>
                            <Property>
                                <PropertySource>User</PropertySource>
                                <Name>Simvar.AltitudeAMSL</Name>
                                <Units>feet</Units>
                            </Property>
                        </LHS>
                        <RHS>
                            <Constant>
                                <Double>4525.000</Double>
                            </Constant>
                        </RHS>
                    </GreaterThan>
                    <Equal>
                        <LHS>
                            <Property>
                                <PropertySource>User</PropertySource>
                                <Name>Simvar.TowConnection</Name>
                            </Property>
                        </LHS>
                        <RHS>
                            <Constant>
                                <Bool>True</Bool>
                            </Constant>
                        </RHS>
                    </Equal>
                </And>
            </Condition>
            <Actions>
                <ObjectReference id="DA_TowFail" InstanceId="{BB8058F7-D5FA-4F2D-A27A-C2869EF1977D}">
                </ObjectReference>
                <ObjectReference id="Oaa_TowFail_poi1_off" InstanceId="{A0E9246F-A7B1-4971-8D7E-E96004E1D910}">
                </ObjectReference>
                <ObjectReference id="OAA_TowFail_wp1_off" InstanceId="{1E32E3B0-2EB0-4BAA-8396-80E3F95CB39C}">
                </ObjectReference>
            </Actions>
        </SimMission.PropertyTrigger>
        <SimMission.PropertyTrigger InstanceId="{DFB9078A-B7B7-4D7A-832B-C3ACC4247E06}">
            <Activated>False</Activated>
            <Descr>PT_TowInstr</Descr>
            <Actions>
                <ObjectReference id="DA_TowInstr" InstanceId="{B4A735F6-6CC2-40EB-9624-2D327D3C3776}">
                </ObjectReference>
            </Actions>
            <Condition>
                <And>
                    <Equal>
                        <LHS>
                            <Property>
                                <PropertySource>User</PropertySource>
                                <Name>Simvar.TowConnection</Name>
                            </Property>
                        </LHS>
                        <RHS>
                            <Constant>
                                <Bool>False</Bool>
                            </Constant>
                        </RHS>
                    </Equal>
                    <Equal>
                        <LHS>
                            <Property>
                                <PropertySource>User</PropertySource>
                                <Name>Simvar.LandingGearHandlePosition</Name>
                            </Property>
                        </LHS>
                        <RHS>
                            <Constant>
                                <Bool>True</Bool>
                            </Constant>
                        </RHS>
                    </Equal>
                    <LessThan>
                        <LHS>
                            <Property>
                                <PropertySource>User</PropertySource>
                                <Name>Simvar.AltitudeAGL</Name>
                                <Units>feet</Units>
                            </Property>
                        </LHS>
                        <RHS>
                            <Constant>
                                <Double>5.000</Double>
                            </Constant>
                        </RHS>
                    </LessThan>
                </And>
            </Condition>
        </SimMission.PropertyTrigger>
        <SimMission.PropertyTrigger InstanceId="{037FC401-631B-4D12-86D8-D54B46E03D61}">
            <Descr>PT_TowWarn1</Descr>
            <Actions>
                <ObjectReference id="DA_TowWarn1" InstanceId="{263D0A20-8A6C-46E2-80C1-52FD9E1DAC0D}">
                </ObjectReference>
            </Actions>
            <Condition>
                <And>
                    <GreaterThan>
                        <LHS>
                            <Property>
                                <PropertySource>User</PropertySource>
                                <Name>Simvar.AltitudeAMSL</Name>
                                <Units>feet</Units>
                            </Property>
                        </LHS>
                        <RHS>
                            <Constant>
                                <Double>4100.000</Double>
                            </Constant>
                        </RHS>
                    </GreaterThan>
                    <Equal>
                        <LHS>
                            <Property>
                                <PropertySource>User</PropertySource>
                                <Name>Simvar.TowConnection</Name>
                            </Property>
                        </LHS>
                        <RHS>
                            <Constant>
                                <Bool>True</Bool>
                            </Constant>
                        </RHS>
                    </Equal>
                </And>
            </Condition>
        </SimMission.PropertyTrigger>
        <SimMission.PropertyTrigger InstanceId="{E37EB94B-98DE-4059-B7EC-B96AC360074A}">
            <Descr>PT_TowWarn2</Descr>
            <Actions>
                <ObjectReference id="DA_TowWarn2" InstanceId="{0826579F-4F03-430E-B736-CF9E65E41F70}">
                </ObjectReference>
            </Actions>
            <Condition>
                <And>
                    <GreaterThan>
                        <LHS>
                            <Property>
                                <PropertySource>User</PropertySource>
                                <Name>Simvar.AltitudeAMSL</Name>
                                <Units>feet</Units>
                            </Property>
                        </LHS>
                        <RHS>
                            <Constant>
                                <Double>4300.000</Double>
                            </Constant>
                        </RHS>
                    </GreaterThan>
                    <Equal>
                        <LHS>
                            <Property>
                                <PropertySource>User</PropertySource>
                                <Name>Simvar.TowConnection</Name>
                            </Property>
                        </LHS>
                        <RHS>
                            <Constant>
                                <Bool>True</Bool>
                            </Constant>
                        </RHS>
                    </Equal>
                </And>
            </Condition>
        </SimMission.PropertyTrigger>
        <SimMission.PropertyTrigger InstanceId="{E6CE5989-5893-4908-AB20-469961276FF9}">
            <Activated>False</Activated>
            <Descr>Test_Briefing 1</Descr>
            <Actions>
                <ObjectReference id="Dlg_Briefing 1" InstanceId="{AD8C95A7-4CB2-4A61-9E78-A033FE32C0B8}">
                </ObjectReference>
                <ObjectReference id="Activate POI 1" InstanceId="{4D052BD9-B6AF-402E-81BD-CA9C4D72E81F}">
                </ObjectReference>
                <ObjectReference id="Activate Wpt Prox. 1" InstanceId="{EB1D7EA2-36F9-480D-B55A-21DD6976A66C}">
                </ObjectReference>
                <ObjectReference id="Wpt. 1 Dialog" InstanceId="{64EDBEBE-1551-4026-8DEF-916A407D5C13}">
                </ObjectReference>
                <ObjectReference id="OAA_LgearCheckOn" InstanceId="{F482F0CC-9162-4357-886B-59695A80276A}">
                </ObjectReference>
            </Actions>
            <Condition>
                <And>
                    <GreaterThan>
                        <LHS>
                            <Property>
                                <PropertySource>User</PropertySource>
                                <Name>Simvar.AltitudeAGL</Name>
                                <Units>feet</Units>
                            </Property>
                        </LHS>
                        <RHS>
                            <Constant>
                                <Double>500.000</Double>
                            </Constant>
                        </RHS>
                    </GreaterThan>
                </And>
            </Condition>
        </SimMission.PropertyTrigger>
        <SimMission.TimerTrigger InstanceId="{146A1BB5-6655-4BEB-AA1B-4246A1DB1AF0}">
            <StopTime>3.000</StopTime>
            <Descr>Timer_Intro 1</Descr>
            <Actions>
                <ObjectReference id="Dlg_Intro 1" InstanceId="{EE304EEC-9939-4D47-A842-7C0E1F9B2557}">
                </ObjectReference>
                <ObjectReference id="Act_Test_Briefing 1" InstanceId="{CF8D098A-F4D0-4AEB-94D8-ACE30B546A4E}">
                </ObjectReference>
            </Actions>
        </SimMission.TimerTrigger>
        <SimMission.TimerTrigger InstanceId="{6D4407A9-649F-4E28-B841-36C977C786BB}">
            <Descr>tmr_tasktimer</Descr>
            <StopTime>30000.000</StopTime>
            <OnScreenTimer>True</OnScreenTimer>
            <Activated>False</Activated>
        </SimMission.TimerTrigger>
        <SimMission.TimerTrigger InstanceId="{D5CA34E7-C000-4E35-A44B-961C325EAD8E}">
            <StopTime>120.000</StopTime>
            <Descr>TT_TowInstr</Descr>
            <Actions>
                <ObjectReference id="OAA_TowInstr" InstanceId="{55299572-1BFF-403C-8903-C815C1D14E4B}">
                </ObjectReference>
            </Actions>
        </SimMission.TimerTrigger>
        <SimMission.ProximityTrigger InstanceId="{69A7F80A-1145-4C12-9332-1B69BC53104A}">
            <Activated>False</Activated>
            <Descr>Waypoint 1 Trigger</Descr>
            <OnEnterActions>
                <ObjectReference id="Activate POI 2" InstanceId="{5A63019A-552F-4BDF-A14C-D4628BFDD83E}">
                </ObjectReference>
                <ObjectReference id="Activate Wpt Prox. 2" InstanceId="{8FEF2BD1-3F06-4229-B136-946A6F78B6EA}">
                </ObjectReference>
                <ObjectReference id="Wpt. 2 Dialog" InstanceId="{1ADF5259-3272-4D68-B7C8-4B145D794B59}">
                </ObjectReference>
                <ObjectReference id="obj_tasktimer_on" InstanceId="{DC08B23D-AA90-4DDE-BC33-04080743CC11}">
                </ObjectReference>
            </OnEnterActions>
            <OnEnterFilter>
            </OnEnterFilter>
            <OnExitFilter>
            </OnExitFilter>
            <OnExitActions>
            </OnExitActions>
            <Areas>
                <ObjectReference id="Waypoint 1 Area" InstanceId="{9DED4D24-5B70-47FB-9174-CC0D1A3F9593}">
                </ObjectReference>
            </Areas>
        </SimMission.ProximityTrigger>
        <SimMission.ProximityTrigger InstanceId="{C65711AC-B511-48DB-8A06-1678123511C4}">
            <Activated>False</Activated>
            <Descr>Waypoint 2 Trigger</Descr>
            <OnEnterFilter>
            </OnEnterFilter>
            <OnExitFilter>
            </OnExitFilter>
            <OnEnterActions>
                <ObjectReference id="Activate POI 3" InstanceId="{047F3B53-1DC0-408A-94E4-90B10C2F0871}">
                </ObjectReference>
                <ObjectReference id="Activate Wpt Prox. 3" InstanceId="{7C36DEC5-CD0D-4EC2-9545-B0C47C71C3B3}">
                </ObjectReference>
                <ObjectReference id="Wpt. 3 Dialog" InstanceId="{4DF0FF1E-3934-4297-B2D9-4F0689A609AB}">
                </ObjectReference>
            </OnEnterActions>
            <OnExitActions>
            </OnExitActions>
            <Areas>
                <ObjectReference id="Waypoint 2 Area" InstanceId="{75F8D618-3F40-4B95-AD9D-FE0F21C4EBE8}">
                </ObjectReference>
            </Areas>
        </SimMission.ProximityTrigger>
        <SimMission.ProximityTrigger InstanceId="{2CC88E44-9670-4F95-805B-C7CBD1A744D1}">
            <Activated>False</Activated>
            <Descr>Waypoint 3 Trigger</Descr>
            <OnEnterFilter>
            </OnEnterFilter>
            <OnExitFilter>
            </OnExitFilter>
            <OnEnterActions>
                <ObjectReference id="Activate POI 4" InstanceId="{F2CBF665-9677-47D5-AA6A-36A1008ECC4D}">
                </ObjectReference>
                <ObjectReference id="Activate Wpt Prox. 4" InstanceId="{2D6E3E44-A246-4BE1-A01F-D55F48C37CAF}">
                </ObjectReference>
                <ObjectReference id="Wpt. 4 Dialog" InstanceId="{D6F67C2F-8D5D-4D1C-AD3B-70ABF75F45DD}">
                </ObjectReference>
            </OnEnterActions>
            <OnExitActions>
            </OnExitActions>
            <Areas>
                <ObjectReference id="Waypoint 3 Area" InstanceId="{5C5103CD-034E-4D45-9F70-571AB74DB6C6}">
                </ObjectReference>
            </Areas>
        </SimMission.ProximityTrigger>
        <SimMission.ProximityTrigger InstanceId="{551BAC11-DFA0-4B67-B096-8C812469B3DA}">
            <Activated>False</Activated>
            <Descr>Waypoint 4 Trigger</Descr>
            <OnEnterFilter>
            </OnEnterFilter>
            <OnExitFilter>
            </OnExitFilter>
            <OnEnterActions>
                <ObjectReference id="Activate POI 5" InstanceId="{41F45B5B-1B72-4034-AC59-CC64BC492298}">
                </ObjectReference>
                <ObjectReference id="Activate Wpt Prox. 5" InstanceId="{6C885C27-9761-488B-B144-EDC20A3F7BEC}">
                </ObjectReference>
                <ObjectReference id="Wpt. 5 Dialog" InstanceId="{36C563A4-31CC-4330-81F6-BA16BE324D96}">
                </ObjectReference>
            </OnEnterActions>
            <OnExitActions>
            </OnExitActions>
            <Areas>
                <ObjectReference id="Waypoint 4 Area" InstanceId="{B46E182E-DFF6-468D-933B-C215060AD629}">
                </ObjectReference>
            </Areas>
        </SimMission.ProximityTrigger>
        <SimMission.ProximityTrigger InstanceId="{6EE2989C-9694-4262-A185-BF2E03C36742}">
            <Activated>False</Activated>
            <Descr>Waypoint 5 Trigger</Descr>
            <OnEnterFilter>
            </OnEnterFilter>
            <OnExitFilter>
            </OnExitFilter>
            <OnEnterActions>
                <ObjectReference id="Activate POI 6" InstanceId="{A60412DB-C96E-435E-A274-08FD08AFC450}">
                </ObjectReference>
                <ObjectReference id="Activate Wpt Prox. 6" InstanceId="{79163289-3699-4112-9607-27358C2DA10A}">
                </ObjectReference>
                <ObjectReference id="Wpt. 6 Dialog" InstanceId="{189604D0-B74A-414F-AF76-68DB77445BF9}">
                </ObjectReference>
            </OnEnterActions>
            <OnExitActions>
            </OnExitActions>
            <Areas>
                <ObjectReference id="Waypoint 5 Area" InstanceId="{FF154A03-762C-4EE4-81D7-B4F885DDA9DA}">
                </ObjectReference>
            </Areas>
        </SimMission.ProximityTrigger>
        <SimMission.ProximityTrigger InstanceId="{117D63D3-B5CA-4A95-936B-318B7ACDAB81}">
            <Activated>False</Activated>
            <Descr>Waypoint 6 Trigger</Descr>
            <OnEnterActions>
                <ObjectReference id="Act_Landing_Trigger 1" InstanceId="{40EF1BBD-699F-42C9-8B1E-BDD33A5E47A6}">
                </ObjectReference>
                <ObjectReference id="Act_Tgt_POI" InstanceId="{E390F4B7-1AD8-43A7-8B45-C94447954BE9}">
                </ObjectReference>
                <ObjectReference id="Bad Ragaz Landing Dialog" InstanceId="{9664D9FB-3950-4CEC-B704-165BFBE603DB}">
                </ObjectReference>
                <ObjectReference id="activate wpt prox. 7" InstanceId="{FE425B2A-EBEF-42FF-B3D3-C4752842C008}">
                </ObjectReference>
            </OnEnterActions>
            <OnEnterFilter>
            </OnEnterFilter>
            <OnExitFilter>
            </OnExitFilter>
            <OnExitActions>
            </OnExitActions>
            <Areas>
                <ObjectReference id="Waypoint 6 Area" InstanceId="{12A4EF5F-04AF-40CC-ABB1-1BE789C8E914}">
                </ObjectReference>
            </Areas>
        </SimMission.ProximityTrigger>
        <SimMission.ProximityTrigger InstanceId="{520ECF1D-252A-4C46-A424-F325C09484E5}">
            <Activated>False</Activated>
            <Descr>Waypoint 7 trigger</Descr>
            <OnEnterActions>
                <ObjectReference id="obj_tasktimer_off" InstanceId="{BABDD1F5-9181-45D1-963A-18001B3E8C0C}">
                </ObjectReference>
                <ObjectReference id="da_finished_race" InstanceId="{D9C656D5-6647-48BE-ABF3-F11CB6049BA9}">
                </ObjectReference>
                <ObjectReference id="OAA_LandoutCheckOff" InstanceId="{3F107090-7D45-49CA-B29A-58213E1A3F10}">
                </ObjectReference>
            </OnEnterActions>
            <Areas>
                <ObjectReference id="Waypoint 7 area" InstanceId="{DDD5C1AA-3FF7-45FA-AA6E-3E1655DF6A73}">
                </ObjectReference>
            </Areas>
        </SimMission.ProximityTrigger>
        <SceneryObjects.LibraryObject InstanceId="{02455A18-5800-4FB9-AB1E-37567D4DF0F3}">
            <MDLGuid>{CBF9144B-842B-4B11-8BC5-848B4BA734E2}</MDLGuid>
            <WorldPosition>N47° 23' 7.66",E9° 42' 9.69",+000000.00</WorldPosition>
            <Orientation>0.000,0.000,310.000</Orientation>
            <AltitudeIsAGL>True</AltitudeIsAGL>
            <Scale>1.000</Scale>
            <Descr>gen_airshow_concession1_01</Descr>
        </SceneryObjects.LibraryObject>
        <SceneryObjects.LibraryObject InstanceId="{D424F3C6-6DBA-46B4-85AB-226DA0F82321}">
            <MDLGuid>{55242440-351A-4A51-9C24-6BE1F1462B72}</MDLGuid>
            <WorldPosition>N47° 23' 6.75",E9° 42' 12.96",+000000.00</WorldPosition>
            <Orientation>0.000,0.000,310.000</Orientation>
            <AltitudeIsAGL>True</AltitudeIsAGL>
            <Scale>1.000</Scale>
            <Descr>gen_airshow_concession1_02</Descr>
        </SceneryObjects.LibraryObject>
        <SceneryObjects.LibraryObject InstanceId="{49CF9719-C717-4C97-953A-0B691A1A0594}">
            <MDLGuid>{48B9DEBA-19A3-4008-B66D-9DE3A1E7B11B}</MDLGuid>
            <WorldPosition>N47° 23' 8.58",E9° 42' 13.66",+000000.00</WorldPosition>
            <Orientation>0.000,0.000,310.000</Orientation>
            <AltitudeIsAGL>True</AltitudeIsAGL>
            <Scale>1.000</Scale>
            <Descr>gen_airshow_concession2_02</Descr>
        </SceneryObjects.LibraryObject>
        <SceneryObjects.LibraryObject InstanceId="{4EBCC29A-FB7C-4997-83C6-E7F5B3869CBF}">
            <MDLGuid>{2A347C4D-16E0-4327-82BE-62F4E04B71EC}</MDLGuid>
            <WorldPosition>N47° 23' 9.88",E9° 42' 17.69",+000000.00</WorldPosition>
            <Orientation>0.000,0.000,310.000</Orientation>
            <AltitudeIsAGL>True</AltitudeIsAGL>
            <Scale>1.000</Scale>
            <Descr>gen_outbuildingsmall01</Descr>
        </SceneryObjects.LibraryObject>
        <SceneryObjects.LibraryObject InstanceId="{B6FF5E46-1B11-454D-8E8C-D5EF3F456445}">
            <MDLGuid>{981A973C-C8E1-4DDD-8243-FAB2C25AF17A}</MDLGuid>
            <WorldPosition>N47° 23' 6.93",E9° 41' 55.29",+000000.00</WorldPosition>
            <Orientation>0.000,0.000,310.000</Orientation>
            <AltitudeIsAGL>True</AltitudeIsAGL>
            <Scale>1.000</Scale>
            <Descr>GEN_Plane_Schweizer2_bluestripe</Descr>
        </SceneryObjects.LibraryObject>
        <SceneryObjects.LibraryObject InstanceId="{58070DD8-46AA-4E92-8CBB-0BB6E902D3C7}">
            <MDLGuid>{981A973C-C8E1-4DDD-8243-FAB2C25AF17A}</MDLGuid>
            <WorldPosition>N47° 23' 7.66",E9° 41' 56.59",+000000.00</WorldPosition>
            <Orientation>0.000,0.000,310.000</Orientation>
            <AltitudeIsAGL>True</AltitudeIsAGL>
            <Scale>1.000</Scale>
            <Descr>GEN_Plane_Schweizer2_bluestripe</Descr>
        </SceneryObjects.LibraryObject>
        <SceneryObjects.LibraryObject InstanceId="{61DBA93E-57DA-4530-8D72-3F958AC024A9}">
            <Descr>GEN_Plane_Schweizer2_bluestripe</Descr>
            <MDLGuid>{981A973C-C8E1-4DDD-8243-FAB2C25AF17A}</MDLGuid>
            <WorldPosition>N47° 23' 3.30",E9° 41' 49.87",+000000.00</WorldPosition>
            <Orientation>0.000,0.000,0.000</Orientation>
            <AltitudeIsAGL>True</AltitudeIsAGL>
            <Scale>1.000</Scale>
        </SceneryObjects.LibraryObject>
        <SceneryObjects.LibraryObject InstanceId="{2034413C-2C73-4945-83EA-325AF4C01B0C}">
            <Descr>GEN_Plane_Schweizer2_bluestripe</Descr>
            <MDLGuid>{981A973C-C8E1-4DDD-8243-FAB2C25AF17A}</MDLGuid>
            <WorldPosition>N47° 23' 13.69",E9° 42' 5.78",+000000.00</WorldPosition>
            <Orientation>0.000,0.000,0.000</Orientation>
            <AltitudeIsAGL>True</AltitudeIsAGL>
            <Scale>1.000</Scale>
        </SceneryObjects.LibraryObject>
        <SceneryObjects.LibraryObject InstanceId="{276D2564-90E6-4BAC-839C-B614AE9DCC86}">
            <Descr>GEN_Plane_Schweizer2_orngstripe</Descr>
            <MDLGuid>{81135244-A307-4B0C-809C-3D64068DF3DE}</MDLGuid>
            <WorldPosition>N47° 23' 8.85",E9° 41' 57.92",+000000.00</WorldPosition>
            <Orientation>0.000,0.000,0.000</Orientation>
            <AltitudeIsAGL>True</AltitudeIsAGL>
            <Scale>1.000</Scale>
        </SceneryObjects.LibraryObject>
        <SceneryObjects.LibraryObject InstanceId="{B8A3381F-C51D-4673-8BBD-D34313BCB3CF}">
            <Descr>GEN_Plane_Schweizer2_redstripe</Descr>
            <MDLGuid>{6E7D0E2F-A54D-4455-8537-C47CF9BC2244}</MDLGuid>
            <WorldPosition>N47° 23' 0.14",E9° 42' 1.59",+000000.00</WorldPosition>
            <Orientation>0.000,0.000,0.000</Orientation>
            <AltitudeIsAGL>True</AltitudeIsAGL>
        </SceneryObjects.LibraryObject>
        <SceneryObjects.LibraryObject InstanceId="{A1237095-5D33-4538-957C-E33FAF991777}">
            <Descr>GEN_Plane_Schweizer2_redstripe</Descr>
            <MDLGuid>{6E7D0E2F-A54D-4455-8537-C47CF9BC2244}</MDLGuid>
            <WorldPosition>N47° 23' 4.40",E9° 41' 51.57",+000000.00</WorldPosition>
            <Orientation>0.000,0.000,0.000</Orientation>
            <AltitudeIsAGL>True</AltitudeIsAGL>
            <Scale>1.000</Scale>
        </SceneryObjects.LibraryObject>
        <SceneryObjects.LibraryObject InstanceId="{BF9DC29B-77CF-4B45-8889-CD21CE7560C3}">
            <Descr>GEN_Plane_Schweizer2_redstripe</Descr>
            <MDLGuid>{6E7D0E2F-A54D-4455-8537-C47CF9BC2244}</MDLGuid>
            <WorldPosition>N47° 23' 14.70",E9° 42' 7.17",+000000.00</WorldPosition>
            <Orientation>0.000,0.000,0.000</Orientation>
            <AltitudeIsAGL>True</AltitudeIsAGL>
            <Scale>1.000</Scale>
        </SceneryObjects.LibraryObject>
        <SceneryObjects.LibraryObject InstanceId="{3536B158-9CCB-4DE8-9CDE-64BD36A18A37}">
            <Descr>GEN_Plane_Schweizer2_yellstripe</Descr>
            <MDLGuid>{6BBBAE83-689A-4DB8-99BF-FFD554EA66F9}</MDLGuid>
            <WorldPosition>N47° 23' 1.39",E9° 41' 59.29",+000000.00</WorldPosition>
            <Orientation>0.000,0.000,0.000</Orientation>
            <AltitudeIsAGL>True</AltitudeIsAGL>
            <Scale>1.000</Scale>
        </SceneryObjects.LibraryObject>
        <SceneryObjects.LibraryObject InstanceId="{C4D37AA0-782F-4267-8C26-DD83438F2C83}">
            <Descr>GEN_Plane_SuperCub</Descr>
            <MDLGuid>{1E9A4CFA-6DEC-4357-8E73-1A4E4C67E782}</MDLGuid>
            <WorldPosition>N47° 23' 12.70",E9° 42' 4.52",+000000.00</WorldPosition>
            <Orientation>0.000,0.000,0.000</Orientation>
            <AltitudeIsAGL>True</AltitudeIsAGL>
            <Scale>1.000</Scale>
        </SceneryObjects.LibraryObject>
        <SceneryObjects.LibraryObject InstanceId="{2E68E5A9-9C0F-4E30-B96F-8285C5D21161}">
            <MDLGuid>{D0EBB246-92D9-46C7-8476-22758414F27F}</MDLGuid>
            <WorldPosition>N47° 23' 2.34",E9° 42' 2.84",+000000.00</WorldPosition>
            <Orientation>0.000,0.000,310.000</Orientation>
            <AltitudeIsAGL>True</AltitudeIsAGL>
            <Scale>1.000</Scale>
            <Descr>gen_sailplane_trailer01</Descr>
        </SceneryObjects.LibraryObject>
        <SceneryObjects.LibraryObject InstanceId="{E680B877-2B4A-4B93-A282-0DCA1AFBAD5D}">
            <MDLGuid>{7395556B-9997-4146-A28D-7A4C510F22ED}</MDLGuid>
            <WorldPosition>N47° 23' 3.25",E9° 42' 4.57",+000000.00</WorldPosition>
            <Orientation>0.000,0.000,310.000</Orientation>
            <AltitudeIsAGL>True</AltitudeIsAGL>
            <Scale>1.000</Scale>
            <Descr>gen_sailplane_trailer02</Descr>
        </SceneryObjects.LibraryObject>
        <SceneryObjects.LibraryObject InstanceId="{D7D53B3F-03D0-475B-9A77-49191087DB2D}">
            <MDLGuid>{274790E1-5A12-40E5-9FC3-5B256C7BD70F}</MDLGuid>
            <WorldPosition>N47° 23' 3.87",E9° 42' 5.81",+000000.00</WorldPosition>
            <Orientation>0.000,0.000,310.000</Orientation>
            <AltitudeIsAGL>True</AltitudeIsAGL>
            <Scale>1.000</Scale>
            <Descr>gen_sailplane_trailer03</Descr>
        </SceneryObjects.LibraryObject>
        <SceneryObjects.LibraryObject InstanceId="{D21F8E5B-5B7F-4581-96E7-FD7392E31353}">
            <Descr>gen_sailplane_trailer03</Descr>
            <MDLGuid>{274790E1-5A12-40E5-9FC3-5B256C7BD70F}</MDLGuid>
            <WorldPosition>N47° 23' 2.70",E9° 42' 0.68",+000000.00</WorldPosition>
            <Orientation>0.000,0.000,0.000</Orientation>
            <AltitudeIsAGL>True</AltitudeIsAGL>
            <Scale>1.000</Scale>
        </SceneryObjects.LibraryObject>
        <SceneryObjects.LibraryObject InstanceId="{03F959C3-853E-4DFD-A196-AC6DC2B4CF9B}">
            <MDLGuid>{9EB3407F-8E47-46A4-A70F-A2DF28DEA9C4}</MDLGuid>
            <WorldPosition>N47° 23' 11.18",E9° 42' 2.51",+000000.00</WorldPosition>
            <Orientation>0.000,0.000,310.000</Orientation>
            <AltitudeIsAGL>True</AltitudeIsAGL>
            <Descr>gen_tent_dome_4</Descr>
        </SceneryObjects.LibraryObject>
        <SceneryObjects.LibraryObject InstanceId="{96DBC6BD-64BD-40E7-AFC3-672171DF8D06}">
            <Descr>gen_tent_dome_9</Descr>
            <MDLGuid>{907A76D1-CDCC-4BF7-93FA-82454F70BA7C}</MDLGuid>
            <WorldPosition>N47° 23' 4.85",E9° 42' 9.74",+000000.00</WorldPosition>
            <Orientation>0.000,0.000,0.000</Orientation>
            <AltitudeIsAGL>True</AltitudeIsAGL>
            <Scale>1.000</Scale>
        </SceneryObjects.LibraryObject>
        <SceneryObjects.LibraryObject InstanceId="{74244EC8-8533-42FB-972B-4A30D8FFBFB2}">
            <MDLGuid>{63FDD21A-7790-4091-9B2C-6094586271F3}</MDLGuid>
            <WorldPosition>N47° 23' 5.62",E9° 42' 5.82",+000000.00</WorldPosition>
            <Orientation>0.000,0.000,310.000</Orientation>
            <AltitudeIsAGL>True</AltitudeIsAGL>
            <Scale>1.000</Scale>
            <Descr>gen_tentbrownlong01</Descr>
        </SceneryObjects.LibraryObject>
        <SceneryObjects.LibraryObject InstanceId="{03E95460-ADA4-490A-936B-4AA62F2C59DE}">
            <Descr>gen_tentbrownlong01</Descr>
            <MDLGuid>{63FDD21A-7790-4091-9B2C-6094586271F3}</MDLGuid>
            <WorldPosition>N47° 23' 5.12",E9° 42' 12.29",+000000.00</WorldPosition>
            <Orientation>0.000,0.000,0.000</Orientation>
            <AltitudeIsAGL>True</AltitudeIsAGL>
            <Scale>1.000</Scale>
        </SceneryObjects.LibraryObject>
        <SimMissionUI.ScenarioMetadata InstanceId="{EA4A958A-123F-49E8-94FD-864330BC29CD}">
            <ScenarioType>Mission</ScenarioType>
            <LocationDescr>Dornbirn airport in Hohenems, Austria</LocationDescr>
            <UncompletedImage>img_incomplete.bmp</UncompletedImage>
            <CompletedImage>img_complete.bmp</CompletedImage>
            <MissionBrief>Briefing.htm</MissionBrief>
            <AbbreviatedMissionBrief>Kneeboard.htm</AbbreviatedMissionBrief>
            <SuccessMessage>You took off and landed, well done!</SuccessMessage>
            <FailureMessage>You didn&apos;t land at the right airport. Try again!</FailureMessage>
            <UserCrashMessage>Oooh, that had to sting!</UserCrashMessage>
            <EstimatedTime>65 minutes</EstimatedTime>
            <CategoryRef>{CE1FC5F9-824F-45FB-89B7-CB699829A5A3}</CategoryRef>
            <Descr>New Mission Data</Descr>
        </SimMissionUI.ScenarioMetadata>
        <SimMission.PointOfInterest InstanceId="{A400BE1C-2A16-4F1B-9E31-5B379B8AD1C5}">
            <Activated>False</Activated>
            <CycleOrder>1</CycleOrder>
            <TargetName>Start Gate</TargetName>
            <MinimumModelScale>0.250</MinimumModelScale>
            <MinimumScaleDistance>250.000</MinimumScaleDistance>
            <MaximumScaleDistance>50000.000</MaximumScaleDistance>
            <Descr>POI Waypoint 1</Descr>
            <AttachedWorldPosition>
                <WorldPosition>N47° 19' 49.52",E9° 37' 21.66",+000000.00</WorldPosition>
                <AltitudeIsAGL>True</AltitudeIsAGL>
            </AttachedWorldPosition>
        </SimMission.PointOfInterest>
        <SimMission.PointOfInterest InstanceId="{6E095602-517D-4A07-8560-E5D1327FA8A3}">
            <Activated>False</Activated>
            <CycleOrder>2</CycleOrder>
            <TargetName>First Hilltop</TargetName>
            <MinimumModelScale>0.250</MinimumModelScale>
            <MinimumScaleDistance>250.000</MinimumScaleDistance>
            <MaximumScaleDistance>50000.000</MaximumScaleDistance>
            <Descr>POI Waypoint 2</Descr>
            <AttachedWorldPosition>
                <WorldPosition>N47° 9' 58.04",E9° 33' 40.88",+000000.00</WorldPosition>
                <AltitudeIsAGL>True</AltitudeIsAGL>
            </AttachedWorldPosition>
        </SimMission.PointOfInterest>
        <SimMission.PointOfInterest InstanceId="{72A226EB-188C-4FBC-A7C1-90ED9F3B27E3}">
            <Activated>False</Activated>
            <CycleOrder>3</CycleOrder>
            <TargetName>Second Hilltop</TargetName>
            <MinimumModelScale>0.025</MinimumModelScale>
            <MinimumScaleDistance>250.000</MinimumScaleDistance>
            <MaximumScaleDistance>50000.000</MaximumScaleDistance>
            <Descr>POI Waypoint 3</Descr>
            <AttachedWorldPosition>
                <WorldPosition>N47° 2' 58.90",E9° 33' 54.96",+000000.00</WorldPosition>
                <AltitudeIsAGL>True</AltitudeIsAGL>
            </AttachedWorldPosition>
        </SimMission.PointOfInterest>
        <SimMission.PointOfInterest InstanceId="{F25A51E0-CF1D-4E0E-A9FF-5CD691423E55}">
            <Activated>False</Activated>
            <CycleOrder>4</CycleOrder>
            <TargetName>Third Hilltop</TargetName>
            <MinimumModelScale>0.250</MinimumModelScale>
            <MinimumScaleDistance>250.000</MinimumScaleDistance>
            <MaximumScaleDistance>50000.000</MaximumScaleDistance>
            <Descr>POI Waypoint 4</Descr>
            <AttachedWorldPosition>
                <WorldPosition>N46° 53' 58.80",E9° 28' 6.60",+000000.00</WorldPosition>
                <AltitudeIsAGL>True</AltitudeIsAGL>
            </AttachedWorldPosition>
        </SimMission.PointOfInterest>
        <SimMission.PointOfInterest InstanceId="{AB88A1E0-4443-40B6-96D0-0D7B247B3DD6}">
            <Activated>False</Activated>
            <CycleOrder>5</CycleOrder>
            <TargetName>Foutrh Hilltop</TargetName>
            <MinimumModelScale>0.250</MinimumModelScale>
            <MinimumScaleDistance>250.000</MinimumScaleDistance>
            <MaximumScaleDistance>50000.000</MaximumScaleDistance>
            <Descr>POI Waypoint 5</Descr>
            <AttachedWorldPosition>
                <WorldPosition>N46° 53' 57.71",E9° 20' 44.50",+000000.00</WorldPosition>
                <AltitudeIsAGL>True</AltitudeIsAGL>
            </AttachedWorldPosition>
        </SimMission.PointOfInterest>
        <SimMission.PointOfInterest InstanceId="{515ECABE-8A15-4E74-82A4-139582F41FA5}">
            <Activated>False</Activated>
            <CycleOrder>6</CycleOrder>
            <TargetName>Final Hilltop</TargetName>
            <MinimumModelScale>0.250</MinimumModelScale>
            <MinimumScaleDistance>250.000</MinimumScaleDistance>
            <MaximumScaleDistance>50000.000</MaximumScaleDistance>
            <Descr>POI Waypoint 6</Descr>
            <AttachedWorldPosition>
                <WorldPosition>N47° 8' 1.02",E9° 21' 42.81",+000000.00</WorldPosition>
                <AltitudeIsAGL>True</AltitudeIsAGL>
            </AttachedWorldPosition>
        </SimMission.PointOfInterest>
        <SimMission.PointOfInterest InstanceId="{D03CD946-38F8-4367-BCFC-3BF65B5AE69B}">
            <Activated>False</Activated>
            <TargetName>Airport to land at</TargetName>
            <MinimumModelScale>0.250</MinimumModelScale>
            <MinimumScaleDistance>250.000</MinimumScaleDistance>
            <MaximumScaleDistance>50000.000</MaximumScaleDistance>
            <Descr>Target Airport POI</Descr>
            <AttachedWorldPosition>
                <WorldPosition>N47° 23' 7.20",E9° 42' 1.80",+000000.00</WorldPosition>
                <AltitudeIsAGL>True</AltitudeIsAGL>
            </AttachedWorldPosition>
        </SimMission.PointOfInterest>
        <SimMission.Goal InstanceId="{7F181802-77F1-49E1-8646-AC85DAEC7287}">
            <Text>Land at Dornbirn airport</Text>
            <Descr>Goal_Landed 1</Descr>
        </SimMission.Goal>
    </WorldBase.Flight>
    <MissionBuilder.MissionBuilder>
    </MissionBuilder.MissionBuilder>
</SimBase.Document>
