<?xml version="1.0" encoding="utf-8" ?>
<!-- Copyright (c) Asobo Studio, All rights reserved. www.asobostudio.com -->

<SoundInfo Version="0.1">

	<WwisePackages>
		<MainPackage Name="Asobo_VL3"/>
	</WwisePackages>

  <AcousticParameters>
      <Parameter Name="ReverberationPreset" ShareSetInside="rev_inside_vl3"/>
      <Parameter Name="Insulation_ExitClosed" Value="-12"/>
      <Parameter Name="Insulation_ExitOpen" Value="0"/>
  </AcousticParameters>

<!-- AlwaysPlaySounds ######################################################################################################### -->

  <AlwaysPlaySounds>

    <Sound WwiseData="true" WwiseEvent="rattle_kinematic" >
      <WwiseRTPC SimVar="ROTATION VELOCITY BODY X" Units="PERCENT" Index="0" RTPCName="SIMVAR_ROTATION_VELOCITY_BODY_X"/>
      <WwiseRTPC SimVar="ROTATION VELOCITY BODY Y" Units="PERCENT" Index="0" RTPCName="SIMVAR_ROTATION_VELOCITY_BODY_Y"/>
      <WwiseRTPC SimVar="ROTATION VELOCITY BODY Z" Units="PERCENT" Index="0" RTPCName="SIMVAR_ROTATION_VELOCITY_BODY_Z"/>
    </Sound>

	<Sound WwiseEvent="STALL_WARNING" Wwisedata="false" FileName="vario_pos" LocalVar="VARIO_TONE">
		<WwiseRTPC LocalVar="VARIO_TONE" RTPCName="VARIO_TONE"/>
		<PitchCurve LocalVar="VARIO_TONE">
		  <Point SimValue="0.000" Output="1" />
		  <Point SimValue="1500.000" Output="4" />
		</PitchCurve>
		<VolumeCurve LocalVar="VARIO_TONE">
		  <Point SimValue="-1000" Output="0.0" />
		  <Point SimValue="50" Output="0.0" />
		  <Point SimValue="50.001" Output="2.5" />
		  <Point SimValue="2000" Output="2.5" />
		</VolumeCurve>
	</Sound>

	<Sound WwiseEvent="STALL_WARNING" Wwisedata="false" FileName="vario_neg" LocalVar="VARIO_TONE">
		<WwiseRTPC LocalVar="VARIO_TONE" RTPCName="VARIO_TONE"/>
		<PitchCurve LocalVar="VARIO_TONE">
		  <Point SimValue="-2000.000" Output="0.4" />
		  <Point SimValue="0.000" Output="1" />
		</PitchCurve>
		<VolumeCurve LocalVar="VARIO_TONE">
		  <Point SimValue="-2000" Output="0.5" />
		  <Point SimValue="-50.001" Output="0.5" />
		  <Point SimValue="-50" Output="0.0" />
		  <Point SimValue="1000" Output="0" />
		</VolumeCurve>
	</Sound>

  </AlwaysPlaySounds>

<!-- TriggerSounds ######################################################################################################### -->

  <WindSounds>
    <Sound WwiseEvent="wind_sound" WwiseData="true" />
  </WindSounds>

  <GroundSounds>
    <Sound WwiseEvent="CENTER_TOUCHDOWN" FadeOutType="2" FadeOutTime="0.5" WwiseData="true" >
		<WwiseRTPC SimVar="WHEEL RPM" Units="RPM" Index="0" Derived="true" RTPCName="SIMVAR_WHEEL_RPM_DERIVED"/>
		<WwiseRTPC SimVar="VERTICAL SPEED" Units="FEET PER MINUTE" Derived="true" Index="0" RTPCName="SIMVAR_VERTICAL_SPEED_DERIVED" />
	</Sound>
	<Sound WwiseEvent="LEFT_TOUCHDOWN" FadeOutType="2" FadeOutTime="0.5" WwiseData="true" >
		<WwiseRTPC SimVar="WHEEL RPM" Units="RPM" Index="1" Derived="true" RTPCName="SIMVAR_WHEEL_RPM_DERIVED"/>
		<WwiseRTPC SimVar="VERTICAL SPEED" Units="FEET PER MINUTE" Derived="true" Index="0" RTPCName="SIMVAR_VERTICAL_SPEED_DERIVED" />
	</Sound>
    <Sound WwiseEvent="RIGHT_TOUCHDOWN" FadeOutType="2" FadeOutTime="0.5" WwiseData="true" >
		<WwiseRTPC SimVar="WHEEL RPM" Units="RPM" Index="2" Derived="true" RTPCName="SIMVAR_WHEEL_RPM_DERIVED"/>
		<WwiseRTPC SimVar="VERTICAL SPEED" Units="FEET PER MINUTE" Derived="true" Index="0" RTPCName="SIMVAR_VERTICAL_SPEED_DERIVED" />
	</Sound>
    <Sound WwiseEvent="GROUND_ROLL" FadeOutType="2" FadeOutTime="0.2" ContinuousStopDelay="0.1" WwiseData="true" />
    <Sound WwiseEvent="RIGHT_WING_SCRAPE" ContinuousStopDelay="0.25" FadeOutType="2" FadeOutTime="0.25"  WwiseData="true" NodeName="AILERON_R" />
    <Sound WwiseEvent="LEFT_WING_SCRAPE" ContinuousStopDelay="0.25" FadeOutType="2" FadeOutTime="0.25"  WwiseData="true" NodeName="AILERON_L"/>
    <Sound WwiseEvent="FUSELAGE_SCRAPE" ContinuousStopDelay="0.5" FadeOutType="1" FadeOutTime="0.1" WwiseData="true" />
  </GroundSounds>

  <MiscellaneousSounds>
    <Sound WwiseEvent="OVERSPEED_WARNING_SOUND" WwiseData="true" />
	<Sound WwiseEvent="AP_PREFLIGHT_CHECK_OVER" WwiseData="true" />
  </MiscellaneousSounds>


  <EngineSoundPresets>

    <Sound WwiseEvent="Shutdown" ConeHeading="0" RPMMin="15000" WwiseData="true" EngineIndex="1" >
		<WwiseRTPC SimVar="GENERAL ENG COMBUSTION SOUND PERCENT" Units="PERCENT OVER 100" RTPCReleaseTime="0.5" Index="1" RTPCName="SIMVAR_GENERAL_ENG_COMBUSTION_SOUND_PERCENT" />
	</Sound>

  </EngineSoundPresets>


<!-- SimvarSounds ######################################################################################################### -->

  <SimVarSounds>

    <!-- FLIGHT CONTROL SURFACES SOUNDS ====================================================================== -->

    <Sound WwiseData="true" WwiseEvent="aileron_left" NodeName="AILERON_L" ContinuousStopDelay="1.0" SimVar="AILERON POSITION" Units="PERCENT" Index="1">
      <WwiseRTPC SimVar="AILERON POSITION" Units="PERCENT" Index="1" RTPCName="SIMVAR_AILERON_POSITION" />
      <WwiseRTPC SimVar="AILERON POSITION" Units="PERCENT" Index="1" Derived="true" RTPCName="SIMVAR_AILERON_POSITION_DERIVED" />
    </Sound>

    <Sound WwiseData="true" WwiseEvent="aileron_right" NodeName="AILERON_R" ContinuousStopDelay="1.0" SimVar="AILERON POSITION" Units="PERCENT" Index="2">
      <WwiseRTPC SimVar="AILERON POSITION" Units="PERCENT" Index="2" RTPCName="SIMVAR_AILERON_POSITION" />
      <WwiseRTPC SimVar="AILERON POSITION" Units="PERCENT" Index="2" Derived="true" RTPCName="SIMVAR_AILERON_POSITION_DERIVED" />
    </Sound>

    <Sound WwiseData="true" WwiseEvent="rudder" NodeName="RUDDER" ContinuousStopDelay="1.0" SimVar="RUDDER POSITION" Units="PERCENT" Index="0">
      <WwiseRTPC SimVar="RUDDER POSITION" Units="PERCENT" Index="0" RTPCName="SIMVAR_RUDDER_POSITION" />
      <WwiseRTPC SimVar="RUDDER POSITION" Units="PERCENT" Index="0" Derived="true" RTPCName="SIMVAR_RUDDER_POSITION_DERIVED" />
    </Sound>

    <Sound WwiseData="true" WwiseEvent="elevator" NodeName="ELEVATOR_02_L" ContinuousStopDelay="1.0" SimVar="ELEVATOR POSITION" Units="PERCENT" Index="0">
      <WwiseRTPC SimVar="ELEVATOR POSITION" Units="PERCENT" Index="0" RTPCName="SIMVAR_ELEVATOR_POSITION" />
      <WwiseRTPC SimVar="ELEVATOR POSITION" Units="PERCENT" Index="0" Derived="true" RTPCName="SIMVAR_ELEVATOR_POSITION_DERIVED" />
    </Sound>

    <Sound WwiseData="true" WwiseEvent="flaps_left" NodeName="LEFTFLAP" ContinuousStopDelay="1.0" SimVar="TRAILING EDGE FLAPS LEFT PERCENT" Units="PERCENT" Index="0">
	  <Requires SimVar="FLAP DAMAGE BY SPEED" Units="BOOL" Index="0">
        <Range UpperBound="0" />
      </Requires>
      <WwiseRTPC SimVar="TRAILING EDGE FLAPS LEFT PERCENT" Units="PERCENT" Derived="true" Index="0" RTPCName="SIMVAR_TRAILING_EDGE_FLAPS_LEFT_PERCENT_DERIVED" />
    </Sound>

    <Sound WwiseData="true" WwiseEvent="flaps_right" NodeName="RIGHTFLAP" ContinuousStopDelay="1.0" SimVar="TRAILING EDGE FLAPS RIGHT PERCENT" Units="PERCENT" Index="0">
	  <Requires SimVar="FLAP DAMAGE BY SPEED" Units="BOOL" Index="0">
        <Range UpperBound="0" />
      </Requires>
      <WwiseRTPC SimVar="TRAILING EDGE FLAPS RIGHT PERCENT" Units="PERCENT" Derived="true" Index="0" RTPCName="SIMVAR_TRAILING_EDGE_FLAPS_RIGHT_PERCENT_DERIVED" />
    </Sound>

    <Sound WwiseEvent="GEAR_MOVEMENT" WwiseData="true" FadeOutType="2" FadeOutTime="0.1" SimVar="GEAR TOTAL PCT EXTENDED" Units="PERCENT">
      <WwiseRTPC SimVar="GEAR TOTAL PCT EXTENDED" Units="PERCENT" Index="0" RTPCName="SIMVAR_GEAR_TOTAL_PCT_EXTENDED" />
      <WwiseRTPC SimVar="GEAR TOTAL PCT EXTENDED" Units="PERCENT" Derived="true" Index="0" RTPCName="SIMVAR_GEAR_TOTAL_PCT_EXTENDED_DERIVED" />
    </Sound>

    <!-- INSTRUMENTS FOLEYS  =========================================================================  -->

    <Sound WwiseData="true" WwiseEvent="lever_throttle" ViewPoint="Inside" NodeName="LEVER_THROTTLE" ContinuousStopDelay="1.0" SimVar="GENERAL ENG THROTTLE LEVER POSITION" Units="PERCENT" Index="1">
      <WwiseRTPC SimVar="GENERAL ENG THROTTLE LEVER POSITION" Units="PERCENT" Index="1" Derived="true" RTPCName="SIMVAR_GENERAL_ENG_THROTTLE_LEVER_POSITION_DERIVED" />
    </Sound>

    <Sound WwiseData="true" WwiseEvent="pedal_movement" ViewPoint="Inside" NodeName="JOYSTICK_L" ContinuousStopDelay="1.0" SimVar="RUDDER PEDAL POSITION" Units="PERCENT" Index="0">
      <WwiseRTPC SimVar="RUDDER PEDAL POSITION" Units="PERCENT" Index="0" Derived="true" RTPCName="SIMVAR_RUDDER_PEDAL_POSITION_DERIVED" />
    </Sound>

	<Sound WwiseData="true" WwiseEvent="brake_movement" ViewPoint="Inside" NodeName="JOYSTICK_L" ContinuousStopDelay="0.3" SimVar="BRAKE LEFT POSITION" Units="PERCENT" Index="0">
      <WwiseRTPC SimVar="BRAKE LEFT POSITION" Units="PERCENT" Index="0" Derived="true" RTPCName="SIMVAR_BRAKE_LEFT_POSITION_DERIVED" />
	  <Range LowerBound="15" UpperBound="90"/>
    </Sound>

	<Sound WwiseData="true" WwiseEvent="parking_brake_movement" ViewPoint="Inside" NodeName="JOYSTICK_L" ContinuousStopDelay="0.3" SimVar="BRAKE PARKING POSITION" Units="PERCENT" Index="0">
      <WwiseRTPC SimVar="BRAKE PARKING POSITION" Units="PERCENT" Index="0" Derived="true" RTPCName="SIMVAR_BRAKE_PARKING_POSITION_DERIVED" />
    </Sound>

	<Sound WwiseData="true" WwiseEvent="lever_trim_elevator" ViewPoint="Inside" NodeName="LEVER_TRIM_ELEVATOR" ContinuousStopDelay="0.1" SimVar="ELEVATOR TRIM POSITION" Units="PERCENT" Index="0">
      <WwiseRTPC SimVar="ELEVATOR TRIM POSITION" Units="PERCENT" Index="0" Derived="true" RTPCName="SIMVAR_ELEVATOR_TRIM_POSITION_DERIVED" />
    </Sound>

   	<!-- RATTLES ========================================================================================== -->

    <Sound WwiseData="true" WwiseEvent="rattle_ground" ViewPoint="Inside" FadeOutType="2" FadeOutTime="0.5" ContinuousStopDelay="0.5" SimVar="SIM ON GROUND" Units="BOOLEAN" Index="0">
      <Range LowerBound="1.0" />
	  <Requires SimVar="GROUND VELOCITY" Units="METERS PER SECOND" Index="0">
        <Range LowerBound="0.1" />
      </Requires>
	  <WwiseRTPC SimVar="GROUND VELOCITY" Units="METERS PER SECOND" Index="0" RTPCName="SIMVAR_GROUND_VELOCITY" />
	  <WwiseRTPC SimVar="SURFACE TYPE" Units="ENUM" Index="0" RTPCName="SIMVAR_SURFACE_TYPE" />
	  <WwiseRTPC SimVar="GENERAL ENG COMBUSTION SOUND PERCENT" Units="PERCENT OVER 100" RTPCReleaseTime="0.3" Index="1" RTPCName="SIMVAR_GENERAL_ENG_COMBUSTION_SOUND_PERCENT" />
	  <WwiseRTPC SimVar="GEAR TOTAL PCT EXTENDED" Units="PERCENT" Index="0" RTPCName="SIMVAR_GEAR_TOTAL_PCT_EXTENDED" />
    </Sound>

	<Sound WwiseData="true" WwiseEvent="rattle_overspeed" SimVar="AIRSPEED TRUE" Units="KNOTS" Index="0">
      <WwiseRTPC SimVar="AIRSPEED TRUE" Units="KNOTS" Index="0" RTPCName="SIMVAR_AIRSPEED_TRUE" />
	  <WwiseRTPC SimVar="ROTATION VELOCITY BODY X" Units="PERCENT" Index="0" RTPCName="SIMVAR_ROTATION_VELOCITY_BODY_X"/>
      <WwiseRTPC SimVar="ROTATION VELOCITY BODY Y" Units="PERCENT" Index="0" RTPCName="SIMVAR_ROTATION_VELOCITY_BODY_Y"/>
      <WwiseRTPC SimVar="ROTATION VELOCITY BODY Z" Units="PERCENT" Index="0" RTPCName="SIMVAR_ROTATION_VELOCITY_BODY_Z"/>
      <Range LowerBound="175" />
    </Sound>

 	<!-- PROPELLER WIND ========================================================================================== -->

	<Sound WwiseData="true" WwiseEvent="propeller_wind" ConeHeading="180" SimVar="PROP RPM" Units="RPM" ViewPoint="Outside" Index="1">
	   <Range LowerBound="1"/>
	   <WwiseRTPC SimVar="PROP RPM" Units="RPM" Index="1" RTPCName="SIMVAR_PROP_RPM"/>
	   <WwiseRTPC SimVar="PLANE ALT ABOVE GROUND" Units="FEET" Index="0" RTPCName="SIMVAR_PLANE_ALT_ABOVE_GROUND"/>
    	<Requires SimVar="PLANE ALT ABOVE GROUND" Units="FEET" Index="0">
			<Range UpperBound="200" />
		</Requires>
	</Sound>

	<!--WARNINGS========================================================================================== -->

    <Sound WwiseEvent="ELT_warning" WwiseData="true" NodeName="PUSH_CEILING_TESTLIGHT" BreakOnStop="true" LocalVar="XMLVAR_ELT_STATE" ViewPoint="Inside">
	  <Range LowerBound="2" />
    </Sound>

	<Sound WwiseData="true" WwiseEvent="ap_disengage_sound" NodeName="AS1000_PFD_SCREEN" Continuous="false" SimVar="AUTOPILOT MASTER" Units="BOOL" Index="0" ViewPoint="Inside">
	  <Range UpperBound="0" />
	  <Requires SimVar="ELECTRICAL MASTER BATTERY" Units="BOOL" Index="0">
        <Range LowerBound="1" />
      </Requires>
    </Sound>

  	<!-- RAIN ========================================================================================== -->

    <Sound WwiseData="true" WwiseEvent="rain_sound" SimVar="AMBIENT PRECIP RATE" Units="millimeters of water" Index="0">
		<Range LowerBound="0.1" />
	    <WwiseRTPC SimVar="AMBIENT PRECIP RATE" Units="millimeters of water" Index="0" RTPCName="SIMVAR_AMBIENT_PRECIP_RATE"/>
        <WwiseRTPC SimVar="AIRSPEED TRUE" Units="KNOTS" Index="0" RTPCName="SIMVAR_AIRSPEED_TRUE"/>
    </Sound>

  </SimVarSounds>

  <!-- AvionicSounds ################################################################################# -->

  <AvionicSounds>
	<Sound WwiseData="true" WwiseEvent="aural_pull_up" />
	<!-- <Sound WwiseData="true" WwiseEvent="aural_overspeed" /> -->
	<Sound WwiseData="true" WwiseEvent="aural_sink_rate" />
	<Sound WwiseData="true" WwiseEvent="aural_500ft" />
	<Sound WwiseData="true" WwiseEvent="tone_caution" ViewPoint="Inside"/>
	<Sound WwiseData="true" WwiseEvent="tone_warning" ViewPoint="Inside"/>
	<Sound WwiseData="true" WwiseEvent="tone_altitude_alert_default" ViewPoint="Inside"/>
  </AvionicSounds>

<!-- ANIMATIONS SOUNDS ####################################################################################  -->

  <AnimationSounds>

	<!-- COMMON  ################################################################-->
	<!-- ELT ========================================================================== -->
	<Sound WwiseData="true" WwiseEvent="safety_elt_switch" ViewPoint="Inside"/>

	<!-- Electricals ========================================================-->
	<Sound WwiseData="true" WwiseEvent="battery_switch_on" ViewPoint="Inside"/>
    <Sound WwiseData="true" WwiseEvent="battery_switch_off" ViewPoint="Inside"/>
	<Sound WwiseData="true" WwiseEvent="avionic_switch_on" ViewPoint="Inside"/>
    <Sound WwiseData="true" WwiseEvent="avionic_switch_off" ViewPoint="Inside"/>
	<Sound WwiseData="true" WwiseEvent="magneto_switch" ViewPoint="Inside"/>

	<!-- Lighting =================================================================-->
	<Sound WwiseData="true" WwiseEvent="strobe_light_switch_on" ViewPoint="Inside"/>
	<Sound WwiseData="true" WwiseEvent="strobe_light_switch_off" ViewPoint="Inside"/>
	<Sound WwiseData="true" WwiseEvent="landing_light_switch_on" ViewPoint="Inside"/>
	<Sound WwiseData="true" WwiseEvent="landing_light_switch_off" ViewPoint="Inside"/>

	<!-- Fuel ====================================================================-->
	<Sound WwiseData="true" WwiseEvent="fuel_pump_switch_on" ViewPoint="Inside"/>
	<Sound WwiseData="true" WwiseEvent="fuel_pump_switch_off" ViewPoint="Inside"/>
	<Sound WwiseData="true" WwiseEvent="fuel_selector_knob" ViewPoint="Inside"/>

 	<!-- LEVERS ========================================================== -->
	<Sound WwiseData="true" WwiseEvent="cabin_heat_lever_on" ViewPoint="Inside"/>
	<Sound WwiseData="true" WwiseEvent="cabin_heat_lever_off" ViewPoint="Inside"/>
	<Sound WwiseData="true" WwiseEvent="lever_choke_switch_on" ViewPoint="Inside"/>
	<Sound WwiseData="true" WwiseEvent="lever_choke_switch_off" ViewPoint="Inside"/>

	<!-- Handling ========================================================== -->
	<Sound WwiseData="true" WwiseEvent="lever_flaps" ViewPoint="Inside"/>
	<Sound WwiseData="true" WwiseEvent="gear_lever" ViewPoint="Inside"/>
	<Sound WwiseData="true" WwiseEvent="parking_brake_switch_on" ViewPoint="Inside"/>
	<Sound WwiseData="true" WwiseEvent="parking_brake_switch_off" ViewPoint="Inside"/>
	<Sound WwiseData="true" WwiseEvent="lever_propeller_knob" ViewPoint="Inside"/>

	<!-- AS3X  ################################################################-->
    <Sound WwiseData="true" WwiseEvent="as3x_button_push_on" ViewPoint="Inside"/>
    <Sound WwiseData="true" WwiseEvent="as3x_button_push_off" ViewPoint="Inside"/>
	<Sound WwiseData="true" WwiseEvent="as3x_inner_knob" ViewPoint="Inside"/>
	<Sound WwiseData="true" WwiseEvent="as3x_outer_knob" ViewPoint="Inside"/>

	<!-- AS92 ################################################################-->
	<Sound WwiseData="true" WwiseEvent="swap_push_button_on" ViewPoint="Inside"/>
	<Sound WwiseData="true" WwiseEvent="swap_push_button_off" ViewPoint="Inside"/>
	<Sound WwiseData="true" WwiseEvent="navcom_knob_push_button_on" ViewPoint="Inside"/>
	<Sound WwiseData="true" WwiseEvent="navcom_knob_push_button_off" ViewPoint="Inside"/>
	<Sound WwiseData="true" WwiseEvent="navcom_frequency_inner_knob" ViewPoint="Inside"/>
	<Sound WwiseData="true" WwiseEvent="navcom_frequency_outer_knob" ViewPoint="Inside"/>
	<Sound WwiseData="true" WwiseEvent="navcom_volume_knob" ViewPoint="Inside"/>
    <Sound WwiseData="true" WwiseEvent="navcom_volume_knob_push_button_on" ViewPoint="Inside"/>
    <Sound WwiseData="true" WwiseEvent="navcom_volume_knob_push_button_off" ViewPoint="Inside"/>

	<!-- Transponder/ AS21  ################################################################-->
	<Sound WwiseData="true" WwiseEvent="transponder_push_button_on" ViewPoint="Inside"/>
	<Sound WwiseData="true" WwiseEvent="transponder_push_button_off" ViewPoint="Inside"/>
	<Sound WwiseData="true" WwiseEvent="transponder_mode_knob" ViewPoint="Inside"/>
	<Sound WwiseData="true" WwiseEvent="as21_transponder_code_knob" ViewPoint="Inside"/>

  </AnimationSounds>
</SoundInfo>
