<SimBase.Document Type="AceXML" version="1,0" id="ballast indicator">
    <Filename>ballast_indicator.xml</Filename>
    <SimGauge.Gauge id="ballast" ArtDirectory="">
        <FloatPosition>0.000,0.000</FloatPosition>
        <Size>43,26</Size>
        <Image id="background" name="indicator_background.bmp">
            <Transparent>True</Transparent>
        </Image>
        
        <Element id="numbers">
            <FloatPosition>6,2</FloatPosition>
            <Visibility>1</Visibility>
            <GaugeText id="B21_mc">
                <Size>30,20</Size>
                <FontFace>Quartz</FontFace>
                <FontColor>#ffffff</FontColor>
                <FontHeight>20</FontHeight>
                <Length>1</Length>
                <Transparent>True</Transparent>
                <VerticalAlign>CENTER</VerticalAlign>
                <HorizontalAlign>RIGHT</HorizontalAlign>
                <GaugeString>%( (A:TOTAL WEIGHT, kilograms) 315 - 2 / int )%!3.0f!</GaugeString>
            </GaugeText>
        </Element>
    </SimGauge.Gauge>
</SimBase.Document>
