<Gauge Name="Airspeed Indicator" Version="1.0">
   <Image Name="Airspeed_Background_kmh.bmp"/>
   <Element>
      <Select>
         <Value>(P:Units of measure, enum) 2 == </Value>
         <Case Value="0">
            <Image Name="Airspeed_Background_knots.bmp" ImageSizes="315,315"/>
         </Case>
         <Case Value="1">
            <Image Name="Airspeed_Background_kmh.bmp" ImageSizes="315,315"/>
         </Case>
      </Select>
   </Element>
   <Element>
      <Position X="155" Y="157"/>
      <Visible>(L:B21_airspeed_STF_visibility, number)</Visible>
      <Image Name="Airspeed_STF_Needle.bmp" PointsTo="East">
         <Axis X="46" Y="10"/>
      </Image>
      <Rotate>
         <Value Minimum="0" Maximum="300">(L:B21_302_stf,kilometers per hour)</Value>
         <Failures>
            <SYSTEM_PITOT_STATIC Action="0"/>
            <GAUGE_AIRSPEED Action="Freeze"/>
         </Failures>
         <Nonlinearity>
            <Item Value="0" X="158" Y="267"/>
            <Item Value="40" X="110" Y="254"/>
            <Item Value="60" X="51" Y="191"/>
            <Item Value="80" X="69" Y="93"/>
            <Item Value="100" X="140" Y="51"/>
            <Item Value="120" X="222" Y="67"/>
            <Item Value="150" X="250" Y="164"/>
            <Item Value="200" X="156" Y="228"/>
            <Item Value="250" X="40" Y="174"/>
            <Item Value="300" X="113" Y="102"/>
         </Nonlinearity>
         <Delay DegreesPerSecond="60"/>
      </Rotate>
   </Element>
   <Element>
      <Position X="155" Y="157"/>
      <Image Name="Airspeed_Needle.bmp" PointsTo="East">
         <Axis X="46" Y="10"/>
      </Image>
      <Rotate>
         <Value Minimum="0" Maximum="300">(A:Airspeed select indicated or true,kilometers per hour)</Value>
         <Failures>
            <SYSTEM_PITOT_STATIC Action="0"/>
            <GAUGE_AIRSPEED Action="Freeze"/>
         </Failures>
         <Nonlinearity>
            <Item Value="0" X="158" Y="267"/>
            <Item Value="40" X="110" Y="254"/>
            <Item Value="60" X="51" Y="191"/>
            <Item Value="80" X="69" Y="93"/>
            <Item Value="100" X="140" Y="51"/>
            <Item Value="120" X="222" Y="67"/>
            <Item Value="150" X="250" Y="164"/>
            <Item Value="200" X="156" Y="228"/>
            <Item Value="250" X="40" Y="174"/>
            <Item Value="300" X="113" Y="102"/>
         </Nonlinearity>
         <Delay DegreesPerSecond="20"/>
      </Rotate>
   </Element>
   <Mouse>
      <Help ID="HELPID_GAUGE_AIRSPEED"/>
      <Area Left="0" Right="315" Top="0" Bottom="315">
        <Cursor Type="Hand"/>
        <Tooltip ID="TOOLTIPTEXT_AIRSPEED_KNOTS" MetricID="TOOLTIPTEXT_AIRSPEED_KILOS"/>
        <Click>(L:B21_airspeed_STF_visibility, number) ! (&gt;L:B21_airspeed_STF_visibility, number)</Click>
      </Area>
   </Mouse>
</Gauge>
