<Gauge Name="turn_and_bank" Version="1.0">
   <Image Name="turn_and_bank_background.bmp"/>
   <Element>
      <Position X="117" Y="137"/>
      <Image Name="turn_and_bank_ball.bmp">
         <Axis X="13" Y="13"/>
      </Image>
      <Shift>
         <Value Minimum="-1" Maximum="1">(A:Turn coordinator ball,position)</Value>
         <Nonlinearity>
            <Item Value="-1" X="35" Y="130"/>
            <Item Value="-0.5" X="75" Y="137"/>
            <Item Value="0" X="117" Y="139"/>
            <Item Value="0.5" X="158" Y="137"/>
            <Item Value="1" X="199" Y="130"/>
         </Nonlinearity>
         <Delay PixelsPerSecond="20"/>
         <Failures>
            <GAUGE_TURN_COORDINATOR Action="Freeze"/>
         </Failures>
      </Shift>
   </Element>
   <Element>
      <Position X="49" Y="123"/>
      <Image Name="turn_and_bank_tube_lines.bmp" UseTransparency="Yes"/>
   </Element>
   <Element>
      <Position X="116" Y="180"/>
      <Image Name="turn_and_bank_needle.bmp" PointsTo="North">
         <Axis X="10" Y="121"/>
      </Image>
      <Rotate>
         <Value Minimum="-2" Maximum="2">(A:Delta heading rate,rpm)</Value>
         <Nonlinearity>
            <Item Value="-2" X="50" Y="81"/>
            <Item Value="-1" X="78" Y="65"/>
            <Item Value="0" X="114" Y="60"/>
            <Item Value="1" X="152" Y="64"/>
            <Item Value="2" X="179" Y="82"/>
         </Nonlinearity>
         <Delay DegreesPerSecond="120"/>
         <Failures>
            <GAUGE_TURN_COORDINATOR Action="Freeze"/>
            <SYSTEM_ELECTRICAL_PANELS Action="0"/>
         </Failures>
      </Rotate>
   </Element>
   <Mouse>
      <Tooltip ID="TOOLTIPTEXT_TURN_INDICATOR_RATE"/>
      <Area Left="15" Top="15" Width="200" Height="200">
         <Tooltip ID="TOOLTIPTEXT_INCLINOMETER_BALL"/>
      </Area>
   </Mouse>
</Gauge>
