<Gauge Name="PZL_Vario_5m" Version="1.0">
   <Image Name="Variometer_05m.bmp" ImageSizes="315,347,0,0"/>
   <Element>
      <Select>
         <Value>(P:Units of measure, enum) 2 == </Value>
         <Case Value="0">
            <Image Name="Variometer_05k.bmp"/>
         </Case>
         <Case Value="1">
            <Image Name="Variometer_05m.bmp"/>
         </Case>
      </Select>
   </Element>
   <Element>
      <Position X="160" Y="153"/>
      <Image Name="Variometer_05_needle.bmp" ImageSizes="176,33,0,0">
         <Axis X="62" Y="17" PointsTo="East"/>
      </Image>
      <Rotate>
         <Value Minimum="-5" Maximum="5">(A:Vertical speed,meter per minute) 60 /</Value>
         <Nonlinearity>
            <Item Value="-5" X="245" Y="244"/>
            <Item Value="0" X="36" Y="153"/>
            <Item Value="5" X="245" Y="68"/>
         </Nonlinearity>
         <Delay DegreesPerSecond="20"/>
         <Failures>
            <GAUGE_VERTICAL_SPEED Action="Freeze"/>
            <SYSTEM_PITOT_STATIC Action="0"/>
         </Failures>
      </Rotate>
   </Element>
   <Mouse>
      <Tooltip ID="TOOLTIPTEXT_VSI_FEET_PER_MIN" MetricID="TOOLTIPTEXT_VSI_METERS_PER_SEC"/>
   </Mouse>
</Gauge>
