<Gauge Name="Flaps Switch" Version="1.0">
   <Element>
      <Select>
         <Value>(A:Flaps handle index,number)</Value>
         <Case Value="0">
            <Image Name="Flaps_0.bmp" ImageSizes="50,149,0,0"/>
         </Case>
         <Case Value="1">
            <Image Name="Flaps_1.bmp" ImageSizes="50,149,0,0"/>
         </Case>
         <Case Value="2">
            <Image Name="Flaps_2.bmp" ImageSizes="50,149,0,0"/>
         </Case>
         <Case Value="3">
            <Image Name="Flaps_3.bmp" ImageSizes="50,149,0,0"/>
         </Case>
         <Case Value="4">
            <Image Name="Flaps_4.bmp" ImageSizes="50,149,0,0"/>
         </Case>
         <Case Value="5">
            <Image Name="Flaps_5.bmp" ImageSizes="50,149,0,0"/>
         </Case>
         <Case Value="6">
            <Image Name="Flaps_6.bmp" ImageSizes="50,149,0,0"/>
         </Case>
      </Select>
   </Element>
   <Mouse>
      <Help ID="HELPID_GAUGE_FLAPS_SWITCH"/>
      <Area Left="0">
         <Tooltip ID="TOOLTIPTEXT_FLAPS_SWITCH"/>
         <Area Bottom="75">
            <Cursor Type="UpArrow"/>
            <Click Event="FLAPS_DECR"/>
         </Area>
         <Area Top="75">
            <Cursor Type="DownArrow"/>
            <Click Event="FLAPS_INCR"/>
         </Area>
      </Area>
   </Mouse>
</Gauge>
