<Gauge Name="Altimeter_Zero_down" Version="1.0">
   <Image Name="Altimeter_zd_km.bmp" ImageSizes="315,315,0,0"/>
   <Element>
      <Position X="210" Y="116"/>
      <Axis X="35" Y="35"/>
      <MaskImage Name="Altimeter_zd_MbPl.bmp" ImageSizes="70,70,0,0"/>
      <Image Name="Altimeter_zd_Mb.bmp" ImageSizes="48,500,0,0">
         <Nonlinearity>
            <Item Value="970" X="0" Y="16"/>
            <Item Value="1070" X="0" Y="470"/>
         </Nonlinearity>
      </Image>
      <Shift>
         <Value Minimum="960" Maximum="1060">(A:Kohlsman setting MB,millibar)</Value>
      </Shift>
   </Element>
   <Element>
      <Select>
         <Value>(P:Units of measure, enum) 2 == </Value>
         <Case Value="0">
            <Image Name="Altimeter_zd_feet.bmp" ImageSizes="315,315,0,0"/>
         </Case>
         <Case Value="1">
            <Image Name="Altimeter_zd_km.bmp" ImageSizes="315,315,0,0"/>
         </Case>
      </Select>
   </Element>
   <Element>
      <Position X="160" Y="148"/>
      <Image Name="Altimeter_zd_Z1000.bmp" PointsTo="North" ImageSizes="29,135,0,0">
         <Axis X="13" Y="77"/>
      </Image>
      <Rotate>
         <Value>(P:Units of measure, enum) 2 == if{ (A:Indicated Altitude, meters) } els{ (A:Indicated Altitude, feet) } 10000 %</Value>
         <Failures>
            <GAUGE_ALTIMETER Action="Freeze"/>
            <SYSTEM_PITOT_STATIC Action="Freeze"/>
         </Failures>
         <Nonlinearity>
            <Item Value="0" X="163" Y="259"/>
            <Item Value="1000" X="96" Y="238"/>
            <Item Value="2000" X="57" Y="181"/>
            <Item Value="3000" X="55" Y="111"/>
            <Item Value="4000" X="93" Y="52"/>
            <Item Value="5000" X="163" Y="35"/>
            <Item Value="6000" X="229" Y="52"/>
            <Item Value="7000" X="271" Y="111"/>
            <Item Value="8000" X="273" Y="180"/>
            <Item Value="9000" X="230" Y="239"/>
            <Item Value="10000" X="163" Y="261"/>
         </Nonlinearity>
      </Rotate>
   </Element>
   <Element>
      <Position X="160" Y="148"/>
      <Image Name="Altimeter_zd_Z100.bmp" PointsTo="North" ImageSizes="29,165,0,0">
         <Axis X="14" Y="106"/>
      </Image>
      <Rotate>
         <Value>(P:Units of measure, enum) 2 == if{ (A:Indicated Altitude, meters) } els{ (A:Indicated Altitude, feet) } 1000 %</Value>
         <Failures>
            <GAUGE_ALTIMETER Action="Freeze"/>
            <SYSTEM_PITOT_STATIC Action="Freeze"/>
         </Failures>
         <Nonlinearity>
            <Item Value="0" X="163" Y="259"/>
            <Item Value="100" X="96" Y="238"/>
            <Item Value="200" X="57" Y="181"/>
            <Item Value="300" X="55" Y="111"/>
            <Item Value="400" X="93" Y="52"/>
            <Item Value="500" X="163" Y="35"/>
            <Item Value="600" X="229" Y="52"/>
            <Item Value="700" X="271" Y="111"/>
            <Item Value="800" X="273" Y="180"/>
            <Item Value="900" X="230" Y="239"/>
            <Item Value="1000" X="163" Y="261"/>
         </Nonlinearity>
      </Rotate>
   </Element>
   <Element>
      <Position X="40" Y="275"/>
      <Image Name="Altimeter_zd_Knopf.bmp" ImageSizes="71,71,0,0">
         <Axis X="35" Y="35"/>
      </Image>
   </Element>
   <Mouse>
      <Help ID="HELPID_GAUGE_ALTIMETER"/>
      <Tooltip ID="TOOLTIPTEXT_ALTIMETER_FEET" EnglishID="TOOLTIPTEXT_ALTIMETER_FEET" MetricID="TOOLTIPTEXT_ALTIMETER_FEET_METERS_SPECIAL"/>
      <Area Left="6" Right="73" Top="243" Bottom="306">
         <Help ID="HELPID_GAUGE_KOHLSMAN_KNOB"/>
         <Area Right="35">
            <Cursor Type="DownArrow"/>
            <Click Event="KOHLSMAN_DEC" Repeat="Yes"/>
         </Area>
         <Area Left="35">
            <Cursor Type="UpArrow"/>
            <Click Event="KOHLSMAN_INC" Repeat="Yes"/>
         </Area>
      </Area>
   </Mouse>
</Gauge>
