<Gauge Name="Libelle" Version="1.0">
   <Image Name="Libelle_background.bmp" ImageSizes="300,300,150,150"/>
   <Element>
      <Position X="159" Y="159"/>
      <Image Name="Libelle_ball.bmp">
         <Axis X="23" Y="23"/>
      </Image>
      <Shift>
         <Value Minimum="-1" Maximum="1">(A:Turn coordinator ball,position)</Value>
         <Nonlinearity>
            <Item Value="-1" X="72" Y="150"/>
            <Item Value="0" X="159" Y="159"/>
            <Item Value="1" X="240" Y="150"/>
         </Nonlinearity>
         <Delay PixelsPerSecond="20"/>
         <Failures>
            <GAUGE_TURN_COORDINATOR Action="Freeze"/>
         </Failures>
      </Shift>
   </Element>
   <Element>
      <Position X="124" Y="125"/>
      <Image Name="Libelle_strichlinien.bmp" UseTransparency="Yes"/>
   </Element>
   <Mouse>
      <Tooltip ID="TOOLTIPTEXT_TURN_INDICATOR_RATE"/>
      <Area Left="15" Top="15" Width="100" Height="50">
         <Tooltip ID="TOOLTIPTEXT_INCLINOMETER_BALL"/>
      </Area>
   </Mouse>
</Gauge>
