
<SimBase.Document Type="AceXML" version="1,0" id="variometer">
    <Filename>variometer.xml</Filename>
    <SimGauge.Gauge id="variometer" ArtDirectory="%INETROOT%\private\fs\art\objects\aircraft\DG808S\panel\">
        <FloatPosition>0.000,0.000</FloatPosition>
        <Size>90,90</Size>
        <Image id="netto_background.bmp" Name="netto_background.bmp">
            <Transparent>True</Transparent>
        </Image>
        <Element>
            <Select id="Select">
                <Expression id="Expression2">
                    <Minimum>-10.000</Minimum>
                    <Maximum>10.000</Maximum>
                    <Script>
                       (A:AIRSPEED TRUE, meters per second) (&gt;G:Var5)
                       (G:Var5) 20 &lt; if{
                            (G:Var5) 0 - 20 0 - / 0.5 10 - * 10 + g1 }
                       (G:Var5) 25 &lt; if{
                            (G:Var5) 20 - 25 20 - / 0.75 0.5 - * 0.5 + g1 }
                       (G:Var5) 30 &lt; if{
                            (G:Var5) 25 - 30 25 - / 0.6 0.75 - * 0.75 + g1 }
                       (G:Var5) 40 &lt; if{
                            (G:Var5) 30 - 40 30 - / 1.0 0.6 - * 0.6 + g1 }
                       (G:Var5) 50 &lt; if{
                            (G:Var5) 40 - 50 40 - / 2.0 1.0 - * 1.0 + g1 }
                       (G:Var5) 50 - 75 50 - / 7.5 2.0 - * 2.0 +
                       :1
                       (&gt;G:Var4)
                    </Script>
                </Expression>
            </Select>
        </Element>
        <Element>
            <Select id="Select">
                <Expression id="Expression2">
                    <Minimum>-5.000</Minimum>
                    <Maximum>5.000</Maximum>
                    <Script>
        				(A:AIRSPEED TRUE, meters per second) d * 
        			 	19.62 /  			
        				(A:PLANE ALTITUDE, meters) + 
        				0.25 * (G:Var2) 0.75 * +	
        				d (G:Var2) -			
        				(E:ABSOLUTE TIME, seconds)
        				0.25 * (G:Var1) 0.75 * +			
        				d (G:Var1) -			
        				r (&gt;G:Var1)	
        				/			
        				r (&gt;G:Var2)				
        				0.05 * (G:Var3) 0.95 * + d (&gt;G:Var3)
				    </Script>
                </Expression>
            </Select>
        </Element>
        <Element id="Element">
            <FloatPosition>17.000,24.000</FloatPosition>
            <Image id="variometer_label_altitude.bmp" Name="variometer_label_altitude.bmp">
                <Transparent>True</Transparent>
            </Image>
        </Element>
        <Element id="Element">
            <FloatPosition>16.000,48.000</FloatPosition>
            <Image id="variometer_label_averager.bmp" Name="variometer_label_averager.bmp">
                <Transparent>True</Transparent>
            </Image>
        </Element>
        <Element id="Element">
            <FloatPosition>30.000,50.000</FloatPosition>
            <Image id="variometer_label_average_increasing.bmp" Name="variometer_label_average_increasing.bmp">
                <Transparent>True</Transparent>
            </Image>
        </Element>
        <Element id="Element">
            <FloatPosition>30.000,68.000</FloatPosition>
            <Image id="variometer_label_average_decreasing.bmp" Name="variometer_label_average_decreasing.bmp">
                <Transparent>True</Transparent>
            </Image>
        </Element>
        <Element id="Element">
            <FloatPosition>39.000,68.000</FloatPosition>
            <Image id="variometer_label_push_speed_up.bmp" Name="variometer_label_push_speed_up.bmp">
                <Transparent>True</Transparent>
            </Image>
        </Element>
        <Element id="Element">
            <FloatPosition>39.000,12.000</FloatPosition>
            <Image id="variometer_label_pull_slow_down.bmp" Name="variometer_label_pull_slow_down.bmp">
                <Transparent>True</Transparent>
            </Image>
        </Element>
        <Element id="Element">
            <FloatPosition>55.000,37.000</FloatPosition>
            <Image id="variometer_label_circling_mode.bmp" Name="variometer_label_circling_mode.bmp">
                <Transparent>True</Transparent>
            </Image>
        </Element>
        <Element id="Element">
            <FloatPosition>56.000,48.000</FloatPosition>
            <Image id="variometer_label_ballast_quantity.bmp" Name="variometer_label_ballast_quantity.bmp">
                <Transparent>True</Transparent>
            </Image>
        </Element>
        <Element id="Element">
            <FloatPosition>70.000,56.000</FloatPosition>
            <Image id="variometer_label_percent_symbol.bmp" Name="variometer_label_percent_symbol.bmp">
                <Transparent>True</Transparent>
            </Image>
        </Element>
        <Element id="Element">
            <FloatPosition>67.000,31.000</FloatPosition>
            <Image id="variometer_label_feet.bmp" Name="variometer_label_feet.bmp">
                <Transparent>True</Transparent>
            </Image>
        </Element>
        <Element id="Element">
            <FloatPosition>66.000,26.000</FloatPosition>
            <Image id="variometer_label_metres.bmp" Name="variometer_label_metres.bmp">
                <Transparent>True</Transparent>    
            </Image>
        </Element>
        <Element id="Element">
            <FloatPosition>45.000,44.333</FloatPosition>
            <Image id="variometer_needle.bmp" Name="variometer_needle.bmp">
                <Transparent>True</Transparent>
                <Axis>43.000,8.333</Axis>
            </Image>
            <Rotation id="Rotation">
                <PointsTo>WEST</PointsTo>
                <NonlinearityTable id="NonlinearityTable">
                    <NonlinearityEntry id="-10">
                        <ExpressionResult>-5</ExpressionResult>
                        <FloatPosition>79.000,45.000</FloatPosition>
                    </NonlinearityEntry>
                    <NonlinearityEntry id="0">
                        <ExpressionResult>0</ExpressionResult>
                        <FloatPosition>1.000,45.000</FloatPosition>
                    </NonlinearityEntry>
                    <NonlinearityEntry id="10">
                        <ExpressionResult>5</ExpressionResult>
                        <FloatPosition>79.000,45.000</FloatPosition>
                    </NonlinearityEntry>                                                                                                  
                </NonlinearityTable>
                <Expression id="Expression">
                    <Minimum>-5.000</Minimum>
                    <Maximum>5.000</Maximum>
                    <Script>(G:Var3) (G:Var4) +</Script>
                </Expression>
            </Rotation>
        </Element>
        <MouseArea id="MouseArea">
            <FloatPosition>0.000,0.000</FloatPosition>
            <Size>90,90</Size>
            <Tooltip id="Tooltip">
                <DefaultId>TOOLTIPTEXT_DG808S_VARIOMETER</DefaultId>
            </Tooltip>
        </MouseArea>
    </SimGauge.Gauge>
</SimBase.Document>
