
<SimBase.Document Type="AceXML" version="1,0" id="variometer">
    <Filename>variometer.xml</Filename>
    <SimGauge.Gauge id="variometer" ArtDirectory="C:\Program Files\Microsoft Games\Microsoft Flight Simulator X\Gauges\b21_vario_v2\">
        <FloatPosition>0.000,0.000</FloatPosition>
        <Size>90,90</Size>
        <Image id="302_background.bmp" Name="302_background.bmp">
            <Transparent>True</Transparent>
        </Image>
        <Comment><Value>*******************************************************
                    HERE IS WHERE YOU EDIT THE POLAR
         **********************************************************************
                    speeds and sink values are in meters per second (1m/s = ~2 knots)
                    each pair of numbers is speed (+ve), sink(+ve)
                    The netto calculation will linearly interpolate between these figures
                    Dividing speed by sink will give the glide ratio e.g. 30/0.68 = 44
         </Value></Comment>
        <Element>
            <Select id="expression polar sink">
                <Expression id="Expression2">
                    <Minimum>-10.000</Minimum>
                    <Maximum>10.000</Maximum>
                    <Script>
                       (L:B21_302_polar_init, number) 0 ==
                       if{
                            0  (&gt;L:B21_302_polar_speed_0, meters per second)
                            10 (&gt;L:B21_302_polar_sink_0, meters per second)
                          
                            20   (&gt;L:B21_302_polar_speed_1, meters per second)
                            1.0 (&gt;L:B21_302_polar_sink_1, meters per second)
                          
                            25   (&gt;L:B21_302_polar_speed_2, meters per second)
                            0.57 (&gt;L:B21_302_polar_sink_2, meters per second)
                          
                            30   (&gt;L:B21_302_polar_speed_3, meters per second)
                            0.68 (&gt;L:B21_302_polar_sink_3, meters per second)
                          
                            40   (&gt;L:B21_302_polar_speed_4, meters per second)
                            1.0 (&gt;L:B21_302_polar_sink_4, meters per second)
                          
                            50   (&gt;L:B21_302_polar_speed_5, meters per second)
                            1.6  (&gt;L:B21_302_polar_sink_5, meters per second)
                          
                            75   (&gt;L:B21_302_polar_speed_6, meters per second)
                            3.5  (&gt;L:B21_302_polar_sink_6, meters per second)
                          
                            1 (&gt;L:B21_302_polar_init, number)
                       }
                    </Script>
                </Expression>
            </Select>
        </Element>
        <Comment><Value>*******************************************************
                    DEBUG
         **********************************************************************
         </Value></Comment>
        <Element id="arrival height gaugetext">
            <FloatPosition>0.000,33.000</FloatPosition>
            <Visibility>0</Visibility>
            <GaugeText id="B21_mc">
                <Size>35,20</Size>
                <FontFace>Quartz</FontFace>
                <FontColor>#ff00ff</FontColor>
                <FontHeight>10</FontHeight>
                <Length>4</Length>
                <Transparent>True</Transparent>
                <VerticalAlign>CENTER</VerticalAlign>
                <HorizontalAlign>RIGHT</HorizontalAlign>
                <GaugeString>%( (L:B21_302_te, knots) )%!3.1f!</GaugeString>
            </GaugeText>
        </Element>
        <Element id="arrival height gaugetext">
            <FloatPosition>0.000,42.000</FloatPosition>
            <Visibility>0</Visibility>
            <GaugeText id="B21_mc">
                <Size>35,20</Size>
                <FontFace>Quartz</FontFace>
                <FontColor>#ff00ff</FontColor>
                <FontHeight>10</FontHeight>
                <Length>4</Length>
                <Transparent>True</Transparent>
                <VerticalAlign>CENTER</VerticalAlign>
                <HorizontalAlign>RIGHT</HorizontalAlign>
                <GaugeString>%( (L:B21_302_polar_sink, knots) )%!3.1f!</GaugeString>
            </GaugeText>
        </Element>
        <Comment><Value>*******************************************************
                    INIT
         **********************************************************************
         </Value></Comment>
        <Element>
            <Select id="expression polar sink">
                <Expression id="Expression2">
                    <Minimum>-10.000</Minimum>
                    <Maximum>10.000</Maximum>
                    <Script>
                       (L:B21_302_init, number) 0 ==
                       if{
                            3 (&gt;L:B21_302_mccready, knots)
                            0 (&gt;L:B21_302_climb_average, meters per second)
                            1 (&gt;L:B21_302_init, number)
                       }
                    </Script>
                </Expression>
            </Select>
        </Element>
        <Comment><Value>*******************************************************
                    CALCULATE POLAR SINK RATE AT CURRENT AIRSPEED (as a +ve)
         **********************************************************************
         </Value></Comment>
        <Element>
            <Select id="expression polar sink">
                <Expression id="Expression2">
                    <Minimum>-10.000</Minimum>
                    <Maximum>10.000</Maximum>
                    <Script>
                       (A:AIRSPEED TRUE, meters per second) (&gt;G:Var5)
                       (G:Var5) (L:B21_302_polar_speed_1, meters per second) &lt; if{
                            (G:Var5) (L:B21_302_polar_speed_0, meters per second) - (L:B21_302_polar_speed_1, meters per second) (L:B21_302_polar_speed_0, meters per second) - / (L:B21_302_polar_sink_1, meters per second) (L:B21_302_polar_sink_0, meters per second) - * (L:B21_302_polar_sink_0, meters per second) + g1 }
                       (G:Var5) (L:B21_302_polar_speed_2, meters per second) &lt; if{
                            (G:Var5) (L:B21_302_polar_speed_1, meters per second) - (L:B21_302_polar_speed_2, meters per second) (L:B21_302_polar_speed_1, meters per second) - / (L:B21_302_polar_sink_2, meters per second) (L:B21_302_polar_sink_1, meters per second) - * (L:B21_302_polar_sink_1, meters per second) + g1 }
                       (G:Var5) (L:B21_302_polar_speed_3, meters per second) &lt; if{
                            (G:Var5) (L:B21_302_polar_speed_2, meters per second) - (L:B21_302_polar_speed_3, meters per second) (L:B21_302_polar_speed_2, meters per second) - / (L:B21_302_polar_sink_3, meters per second) (L:B21_302_polar_sink_2, meters per second) - * (L:B21_302_polar_sink_2, meters per second) + g1 }
                       (G:Var5) (L:B21_302_polar_speed_4, meters per second) &lt; if{
                            (G:Var5) (L:B21_302_polar_speed_3, meters per second) - (L:B21_302_polar_speed_4, meters per second) (L:B21_302_polar_speed_3, meters per second) - / (L:B21_302_polar_sink_4, meters per second) (L:B21_302_polar_sink_3, meters per second) - * (L:B21_302_polar_sink_3, meters per second) + g1 }
                       (G:Var5) (L:B21_302_polar_speed_5, meters per second) &lt; if{
                            (G:Var5) (L:B21_302_polar_speed_4, meters per second) - (L:B21_302_polar_speed_5, meters per second) (L:B21_302_polar_speed_4, meters per second) - / (L:B21_302_polar_sink_5, meters per second) (L:B21_302_polar_sink_4, meters per second) - * (L:B21_302_polar_sink_4, meters per second) + g1 }
                       (G:Var5) (L:B21_302_polar_speed_5, meters per second) - (L:B21_302_polar_speed_6, meters per second) (L:B21_302_polar_speed_5, meters per second) - / (L:B21_302_polar_sink_6, meters per second) (L:B21_302_polar_sink_5, meters per second) - * (L:B21_302_polar_sink_5, meters per second) +
                       :1
                       (&gt;L:B21_302_polar_sink, meters per second)
                       (A:AIRSPEED TRUE, meters per second) 10 &lt;
                       if{
                            (A:AIRSPEED TRUE, meters per second) 10 / d *
                            (L:B21_302_polar_sink, meters per second) *
                            (&gt;L:B21_302_polar_sink, meters per second)
                       }
                    </Script>
                </Expression>
            </Select>
        </Element>
        <Comment><Value>*******************************************************
                    CALCULATE TE
         **********************************************************************
         </Value></Comment>
        <Element>
            <Select id="Select">
                <Expression id="expression te">
                    <Minimum>-5.000</Minimum>
                    <Maximum>5.000</Maximum>
                    <Script>
        				(A:AIRSPEED TRUE, meters per second) d * 
        			 	19.62 /  			
        				(A:PLANE ALTITUDE, meters) + 
        				0.25 * (G:Var2) 0.75 * +	
        				d (G:Var2) -			
        				(E:ABSOLUTE TIME, seconds)
        				0.25 * (G:Var1) 0.75 * +			
        				d (G:Var1) -			
        				r (&gt;G:Var1)	
        				/			
        				r (&gt;G:Var2)				
        				0.05 * (L:B21_302_te, meters per second) 0.95 * + 
        				(&gt;L:B21_302_te, meters per second)
				    </Script>
                </Expression>
            </Select>
        </Element>
        <Comment><Value>*******************************************************
                    CALCULATE DESTINATION ALT METERS MSL
         **********************************************************************
         </Value></Comment>
        <Element id="expression_actual_glide">
            <FloatPosition>0.000,0.000</FloatPosition>
            <Select id="Select">
                <Expression id="Expression2">
                    <Minimum>-99999.000</Minimum>
                    <Maximum>99999.000</Maximum>
                    <Script>
                        (C:POI:SelectedTargetMSLAltitude, meters) d 0 !=
                        if{
                            (&gt;L:B21_302_wp_msl, meters)
                        } els{
                            (A:GPS WP NEXT ALT, meters)
                            0
                            (&gt;L:B21_302_wp_msl, meters)
                        }                        
				    </Script>
                </Expression>
            </Select>
        </Element>
        <Comment><Value>*******************************************************
                    CALCULATE B21_302_wp_bearing and B21_distance_to_go
         **********************************************************************
         </Value></Comment>
        <Element id="expression_arrival_height">
            <FloatPosition>0.000,0.000</FloatPosition>
            <Select id="Select">
                <Expression id="Expression2">
                    <Minimum>-99999.000</Minimum>
                    <Maximum>+99999.000</Maximum>
                    <Script>
                        52  46  43.5    42   39    37   33    30    8 (L:B21_302_mccready, knots) case (&gt;L:B21_302_mc_v, meters per second)
                         2.74 1.92 1.61 1.45 1.15 1 0.77 0.67 8 (L:B21_302_mccready, knots) case (&gt;L:B21_302_mc_s, meters per second)
                        (C:POI:SelectedTargetDistance, meters) 0.001 > 
                        if{
                            (C:POI:SelectedTargetDistance, meters) (&gt;L:B21_302_distance_to_go, meters)
                            (C:POI:SelectedTargetBearing, degrees) dgrd 
                            (A:PLANE HEADING DEGREES TRUE, radians) + pi + pi + 6.2832 % (&gt;L:B21_302_wp_bearing, radians)
                            }
                        els{
                            (A:GPS WP DISTANCE, meters) (&gt;L:B21_302_distance_to_go, meters)
                            (A:GPS WP TRUE BEARING, radians) (&gt;L:B21_302_wp_bearing, radians)
                            }
				    </Script>
                </Expression>
            </Select>
        </Element>
        <Comment><Value>*******************************************************
                    CALCULATE ARRIVAL HEIGHT
         **********************************************************************
         </Value></Comment>
        <Element id="expression_arrival_height">
            <FloatPosition>0.000,0.000</FloatPosition>
            <Select id="Select">
                <Expression id="Expression2">
                    <Minimum>-99999.000</Minimum>
                    <Maximum>+99999.000</Maximum>
                    <Script>
                        52  46  43.5    42   39    37   33    30    8 (L:B21_302_mccready, knots) case (&gt;L:B21_302_mc_v, meters per second)
                         2.74 1.92 1.61 1.45 1.15 1 0.77 0.67 8 (L:B21_302_mccready, knots) case (&gt;L:B21_302_mc_s, meters per second)

                        (A:AMBIENT WIND DIRECTION, radians) (L:B21_302_wp_bearing, radians) - pi - (&gt;L:B21_theta, radians)
                        (A:AMBIENT WIND VELOCITY, meters per second) (&gt;L:B21_wind_velocity, meters per second)
                        (L:B21_theta, radians) cos (L:B21_wind_velocity, meters per second) * (&gt;L:B21_x, meters per second)
                        (L:B21_theta, radians) sin (L:B21_wind_velocity, meters per second) * (&gt;L:B21_y, meters per second)
                        (L:B21_302_mc_v, meters per second) sqr (L:B21_y, meters per second) sqr - sqrt
                        (L:B21_x, meters per second) + (&gt;L:B21_vw, meters per second)
                        (L:B21_302_distance_to_go, meters) (L:B21_vw, meters per second) /
                        (L:B21_302_mc_s, meters per second) * (&gt;L:B21_height_needed, meters)
                        (A:PLANE ALTITUDE, meters) (L:B21_height_needed, meters) - 
                        
                        (L:B21_302_wp_msl, meters) -
                        
                        (&gt;L:B21_arrival_height, meters)
                    </Script>
                </Expression>
            </Select>
        </Element>
        <Comment><Value>*******************************************************
                    CALCULATE ACTUAL GLIDE RATIO
         **********************************************************************
         </Value></Comment>
        <Element id="expression_actual_glide">
            <FloatPosition>0.000,0.000</FloatPosition>
            <Select id="Select">
                <Expression id="Expression2">
                    <Minimum>-99999.000</Minimum>
                    <Maximum>99999.000</Maximum>
                    <Script>
                        (A:AIRSPEED TRUE, meters per second) (L:B21_302_te, meters per second) neg / d
                        99 &gt;
                        if{
                            99
                        }
                        d
                        0 &lt;
                        if{
                            0
                        }
                        (&gt;L:B21_vario_v2_actual_glide, number)
				    </Script>
                </Expression>
            </Select>
        </Element>
        <Comment><Value>**********************************************************************
                    CALCULATE AVERAGE CLIMB (m/s) (L:B21_302_climb_average, meters per second)
         *************************************************************************************
         </Value></Comment>
        <Element id="average_climb">
            <FloatPosition>0.000,0.000</FloatPosition>
            <Select id="Select">
                <Expression id="Expression2">
                    <Minimum>-20.000</Minimum>
                    <Maximum>20.000</Maximum>
                    <Script>
                        (E:ABSOLUTE TIME, seconds) 2 - (L:B21_302_average_start, seconds) &gt;
                        if{
                            (E:ABSOLUTE TIME, seconds) (&gt;L:B21_302_average_start, seconds)

                            (L:B21_302_climb_average, meters per second) 0.85 *
                            (L:B21_302_te, meters per second) 0.15 *
                            +
                            (&gt;L:B21_302_climb_average, meters per second)
                        }
                        (L:B21_302_climb_average, meters per second) (L:B21_302_te, meters per second) - abs 3 &gt;
                        if{
                            (L:B21_302_te, meters per second) (&gt;L:B21_302_climb_average, meters per second)
                        }
				    </Script>
                </Expression>
            </Select>
        </Element>
        <Comment><Value>*******************************************************
         **********************************************************************
                    DISPLAY ELEMENTS
         **********************************************************************
         **********************************************************************
         </Value></Comment>
        <Comment><Value>*******************************************************
                     Flap position
         **********************************************************************
         </Value></Comment>
        <Element id="flap position index">
            <FloatPosition>55.000,35.000</FloatPosition>
            <Visibility>0</Visibility>
            <GaugeText id="actual glide ratio">
                <Size>30,20</Size>
                <FontFace>Quartz</FontFace>
                <FontColor>#505050</FontColor>
                <FontHeight>20</FontHeight>
                <Length>9</Length>
                <Transparent>True</Transparent>
                <VerticalAlign>CENTER</VerticalAlign>
                <GaugeString>%( (A:FLAPS HANDLE INDEX, number) 2 - )%!+2d!</GaugeString>
            </GaugeText>
        </Element>
        <Comment><Value>*******************************************************
                    L/D Ratio
         **********************************************************************
         </Value></Comment>
        <Element id="L/D ratio">
            <FloatPosition>4.000,35.000</FloatPosition>
            <Visibility>0</Visibility>
            <GaugeText id="actual glide ratio">
                <Size>30,20</Size>
                <FontFace>Quartz</FontFace>
                <FontColor>#505050</FontColor>
                <FontHeight>20</FontHeight>
                <Length>2</Length>
                <Transparent>True</Transparent>
                <HorizontalAlign>RIGHT</HorizontalAlign>
                <VerticalAlign>CENTER</VerticalAlign>
                <GaugeString>%( (L:B21_vario_v2_actual_glide, number) )%!2.0f!</GaugeString>
            </GaugeText>
        </Element>
        <Comment><Value>*******************************************************
                    McCready setting
         **********************************************************************
         </Value></Comment>
        <Element id="mccready knots">
            <FloatPosition>50.000,35.000</FloatPosition>
            <Visibility>(P:Units of measure, enum) 2 &lt; </Visibility>
            <GaugeText id="B21_mc">
                <Size>20,20</Size>
                <FontFace>Quartz</FontFace>
                <FontColor>#505050</FontColor>
                <FontHeight>18</FontHeight>
                <Length>1</Length>
                <Transparent>True</Transparent>
                <VerticalAlign>CENTER</VerticalAlign>
                <HorizontalAlign>RIGHT</HorizontalAlign>
                <GaugeString>%( (L:B21_302_mccready, knots) )%!d!</GaugeString>
            </GaugeText>
        </Element>
        <Element id="mccready meters per second units">
            <FloatPosition>55.000,39.000</FloatPosition>
            <Visibility>(P:Units of measure, enum) 2 ==</Visibility>
            <GaugeText id="B21_mc">
                <Size>10,20</Size>
                <FontFace>Quartz</FontFace>
                <FontColor>#505050</FontColor>
                <FontHeight>18</FontHeight>
                <Length>1</Length>
                <Transparent>True</Transparent>
                <VerticalAlign>CENTER</VerticalAlign>
                <HorizontalAlign>RIGHT</HorizontalAlign>
                <GaugeString>%( (L:B21_302_mccready, knots) 2 / int)%!d!</GaugeString>
            </GaugeText>
        </Element>
        <Element id="mccready meters per second point">
            <FloatPosition>62.000,39.000</FloatPosition>
            <Visibility>(P:Units of measure, enum) 2 ==</Visibility>
            <GaugeText id="B21_mc">
                <Size>10,20</Size>
                <FontFace>Quartz</FontFace>
                <FontColor>#505050</FontColor>
                <FontHeight>18</FontHeight>
                <Length>1</Length>
                <Transparent>True</Transparent>
                <VerticalAlign>CENTER</VerticalAlign>
                <HorizontalAlign>RIGHT</HorizontalAlign>
                <GaugeString>.</GaugeString>
            </GaugeText>
        </Element>
        <Element id="mccready meters per second tenths">
            <FloatPosition>66.000,40.000</FloatPosition>
            <Visibility>(P:Units of measure, enum) 2 ==</Visibility>
            <GaugeText id="B21_mc">
                <Size>10,20</Size>
                <FontFace>Quartz</FontFace>
                <FontColor>#505050</FontColor>
                <FontHeight>13</FontHeight>
                <Length>1</Length>
                <Transparent>True</Transparent>
                <VerticalAlign>CENTER</VerticalAlign>
                <HorizontalAlign>RIGHT</HorizontalAlign>
                <GaugeString>%(  (L:B21_302_mccready, knots) 2 / 10 * 10 % int  )%!d!</GaugeString>
            </GaugeText>
        </Element>
        <Comment><Value>*******************************************************
                    Arrival Height
         **********************************************************************
         </Value></Comment>
        <Element id="arrival_height_gaugetext">
            <FloatPosition>0.000,19.000</FloatPosition>
            <Visibility>1</Visibility>
            <GaugeText id="B21_arrival_height">
                <Size>65,20</Size>
                <FontFace>Quartz</FontFace>
                <FontColor>#505050</FontColor>
                <FontHeight>18</FontHeight>
                <Length>5</Length>
                <Transparent>True</Transparent>
                <HorizontalAlign>RIGHT</HorizontalAlign>
                <VerticalAlign>CENTER</VerticalAlign>
                <GaugeString>%( (P:Units of measure, enum) 2 == if{ (L:B21_arrival_height, meters) } els{ (L:B21_arrival_height, feet) } 10 / int 10 * )%!+5d!</GaugeString>
            </GaugeText>
        </Element>
        <Comment><Value>*******************************************************
                    Climb Average
         **********************************************************************
         </Value></Comment>
        <Element id="arrival_height_gaugetext">
            <FloatPosition>15.000,54.000</FloatPosition>
            <Visibility>1</Visibility>
            <GaugeText id="B21_arrival_height">
                <Size>50,20</Size>
                <FontFace>Quartz</FontFace>
                <FontColor>#505050</FontColor>
                <FontHeight>18</FontHeight>
                <Length>5</Length>
                <Transparent>True</Transparent>
                <HorizontalAlign>RIGHT</HorizontalAlign>
                <VerticalAlign>CENTER</VerticalAlign>
                <GaugeString>%( (P:Units of measure, enum) 2 == 
                                if{ 
                                    (L:B21_302_climb_average, meters per second) 
                                } els{ 
                                    (L:B21_302_climb_average, knots)
                                } 
                              )%!2.1f!</GaugeString>
            </GaugeText>
        </Element>
        <Comment><Value>*******************************************************
                    NEEDLE
         **********************************************************************
         </Value></Comment>
        <Element id="Element">
            <FloatPosition>45.000,44.333</FloatPosition>
            <Image id="variometer_needle.bmp" Name="variometer_needle.bmp">
                <Transparent>True</Transparent>
                <Axis>43.000,8.333</Axis>
            </Image>
            <Rotation id="Rotation">
                <PointsTo>WEST</PointsTo>
                <NonlinearityTable id="NonlinearityTable">
                    <NonlinearityEntry id="-10">
                        <ExpressionResult>-5</ExpressionResult>
                        <FloatPosition>79.000,45.000</FloatPosition>
                    </NonlinearityEntry>
                    <NonlinearityEntry id="0">
                        <ExpressionResult>0</ExpressionResult>
                        <FloatPosition>1.000,45.000</FloatPosition>
                    </NonlinearityEntry>
                    <NonlinearityEntry id="10">
                        <ExpressionResult>5</ExpressionResult>
                        <FloatPosition>79.000,45.000</FloatPosition>
                    </NonlinearityEntry>                                                                                                  
                </NonlinearityTable>
                <Expression id="Expression">
                    <Minimum>-5.000</Minimum>
                    <Maximum>5.000</Maximum>
                    <Script>(L:B21_302_te, meters per second)
                            (L:B21_302_polar_sink, meters per second) +
                    </Script>
                </Expression>
            </Rotation>
        </Element>
        <Comment><Value>*******************************************************
                    Mc Knob
         **********************************************************************
         </Value></Comment>
        <Element id="Element">
            <FloatPosition>78.000,78.000</FloatPosition>
            <Image id="mc_knob.bmp" Name="mc_knob.bmp">
                <Transparent>True</Transparent>
                <Axis>11.000,10.500</Axis>
            </Image>
            <Rotation id="Rotation">
                <PointsTo>WEST</PointsTo>
                <Expression id="Expression">
                    <Minimum>0.000</Minimum>
                    <Maximum>7.000</Maximum>
                    <Script>(L:B21_302_mccready, meters per second) 1.2 *
                    </Script>
                </Expression>
            </Rotation>
        </Element>
        <Comment><Value>*******************************************************
         **********************************************************************
                    MOUSEAREA
         **********************************************************************
         **********************************************************************
         </Value></Comment>
        <MouseArea id="MouseArea all">
            <FloatPosition>0.000,0.000</FloatPosition>
            <Size>90,90</Size>
            <CursorType>hand</CursorType>
            <MouseArea id="left_knob">
                <Visibility>(L:B21_C4_mode, number) 0 ==</Visibility>
                <FloatPosition>64.000,64.000</FloatPosition>
                <Size>26,26</Size>
                <MouseArea id="left_knob_plus">
                    <FloatPosition>0.000,0.000</FloatPosition>
                    <Size>26,13</Size>
                    <CursorType>UpArrow</CursorType>
                    <MouseClick id="MouseClick">
                        <Script>
                        (L:B21_302_mccready, knots) 7 &lt; if{ 
                        (L:B21_302_mccready, knots) 1 + int (&gt;L:B21_302_mccready, knots)
                        }
                        </Script>
                        <ClickType>LeftSingle</ClickType>
                    </MouseClick>
                </MouseArea>
                <MouseArea id="left_knob_minus_minus">
                    <FloatPosition>0.000,13.000</FloatPosition>
                    <Size>26,13</Size>
                    <CursorType>DownArrow</CursorType>
                    <MouseClick id="MouseClick">
                        <Script>
                        (L:B21_302_mccready, knots) 0 &gt; if{ 
                        (L:B21_302_mccready, knots) 1 - int (&gt;L:B21_302_mccready, knots)
                        }
                        </Script>
                        <ClickType>LeftSingle</ClickType>
                    </MouseClick>
                </MouseArea>
            </MouseArea>
        </MouseArea>
    </SimGauge.Gauge>
</SimBase.Document>
