{
  "content": [
    {
      "path": "html_ui/Pages/VLivery/liveries/Legacy/dg808s_panel_0.42.zip",
      "size": 420655,
      "date": 132546005224064451
    },
    {
      "path": "html_ui/Pages/VLivery/liveries/Legacy/dg808s_panel_0.43.zip",
      "size": 416914,
      "date": 132547454992782801
    },
    {
      "path": "html_ui/Pages/VLivery/liveries/Legacy/dg808s_panel_0.44.zip",
      "size": 2598934,
      "date": 132547757474695113
    },
    {
      "path": "html_ui/Pages/VLivery/liveries/Legacy/dg808s_panel_0.45.zip",
      "size": 2600981,
      "date": 132548693732463775
    },
    {
      "path": "html_ui/Pages/VLivery/liveries/Legacy/dg808s_panel_0.46.zip",
      "size": 2607160,
      "date": 132549560284875101
    },
    {
      "path": "html_ui/Pages/VLivery/liveries/Legacy/layout.json",
      "size": 17869,
      "date": 132549274458206392
    },
    {
      "path": "html_ui/Pages/VLivery/liveries/Legacy/Mifflin_Day1.pln",
      "size": 2772,
      "date": 132547542023298880
    },
    {
      "path": "html_ui/Pages/VLivery/liveries/Legacy/panel_info_v.44.png",
      "size": 2174655,
      "date": 132547757013852549
    },
    {
      "path": "html_ui/Pages/VLivery/liveries/Legacy/README.txt",
      "size": 5831,
      "date": 132549560107917891
    },
    {
      "path": "html_ui/Pages/VLivery/liveries/Legacy/sound.xml",
      "size": 17700,
      "date": 132541762880000000
    },
    {
      "path": "html_ui/Pages/VLivery/liveries/Legacy/dg808s_panel/DG808s_Panel_Gauges_1.png",
      "size": 72661,
      "date": 132524650980000000
    },
    {
      "path": "html_ui/Pages/VLivery/liveries/Legacy/dg808s_panel/DG808s_Panel_Gauges_2.png",
      "size": 78667,
      "date": 132524651000000000
    },
    {
      "path": "html_ui/Pages/VLivery/liveries/Legacy/dg808s_panel/gauges_dg808s_panel_1.css",
      "size": 25138,
      "date": 132548347543790307
    },
    {
      "path": "html_ui/Pages/VLivery/liveries/Legacy/dg808s_panel/gauges_dg808s_panel_1.html",
      "size": 3904,
      "date": 132550168797788440
    },
    {
      "path": "html_ui/Pages/VLivery/liveries/Legacy/dg808s_panel/gauges_dg808s_panel_1.js",
      "size": 22082,
      "date": 132550168589939461
    },
    {
      "path": "html_ui/Pages/VLivery/liveries/Legacy/dg808s_panel/gauges_dg808s_panel_2.css",
      "size": 1880,
      "date": 132541474715494704
    },
    {
      "path": "html_ui/Pages/VLivery/liveries/Legacy/dg808s_panel/gauges_dg808s_panel_2.html",
      "size": 3906,
      "date": 132550185419769951
    },
    {
      "path": "html_ui/Pages/VLivery/liveries/Legacy/dg808s_panel/gauges_dg808s_panel_2.js",
      "size": 55719,
      "date": 132550185366098960
    },
    {
      "path": "html_ui/Pages/VLivery/liveries/Legacy/dg808s_panel/gauges_dg808s_panel_3.css",
      "size": 3609,
      "date": 132548527528383261
    },
    {
      "path": "html_ui/Pages/VLivery/liveries/Legacy/dg808s_panel/gauges_dg808s_panel_3.html",
      "size": 1452,
      "date": 132549237836526526
    },
    {
      "path": "html_ui/Pages/VLivery/liveries/Legacy/dg808s_panel/gauges_dg808s_panel_3.js",
      "size": 9085,
      "date": 132548684105965261
    },
    {
      "path": "html_ui/Pages/VLivery/liveries/Legacy/dg808s_panel/altimeter/altimeter_altimeter_background.png",
      "size": 11118,
      "date": 132525899333170547
    },
    {
      "path": "html_ui/Pages/VLivery/liveries/Legacy/dg808s_panel/altimeter/altimeter_altimeter_hundreds_needle.png",
      "size": 755,
      "date": 132525899333170547
    },
    {
      "path": "html_ui/Pages/VLivery/liveries/Legacy/dg808s_panel/altimeter/altimeter_altimeter_kohlsman_knob.png",
      "size": 1224,
      "date": 132525899333170547
    },
    {
      "path": "html_ui/Pages/VLivery/liveries/Legacy/dg808s_panel/altimeter/altimeter_altimeter_kohlsman_strip.png",
      "size": 6552,
      "date": 132525899333170547
    },
    {
      "path": "html_ui/Pages/VLivery/liveries/Legacy/dg808s_panel/altimeter/altimeter_altimeter_kohlsman_strip_altimeter_kohlsman_strip_mask.png",
      "size": 178,
      "date": 132525899333170547
    },
    {
      "path": "html_ui/Pages/VLivery/liveries/Legacy/dg808s_panel/altimeter/altimeter_altimeter_ten_thousands_needle.png",
      "size": 4168,
      "date": 132525899333170547
    },
    {
      "path": "html_ui/Pages/VLivery/liveries/Legacy/dg808s_panel/altimeter/altimeter_altimeter_thousands_needle.png",
      "size": 797,
      "date": 132525899333180546
    },
    {
      "path": "html_ui/Pages/VLivery/liveries/Legacy/dg808s_panel/asi/asi.css",
      "size": 661,
      "date": 132540644654018853
    },
    {
      "path": "html_ui/Pages/VLivery/liveries/Legacy/dg808s_panel/asi/background.png",
      "size": 9660,
      "date": 132524821640000000
    },
    {
      "path": "html_ui/Pages/VLivery/liveries/Legacy/dg808s_panel/asi/needle.png",
      "size": 754,
      "date": 132524650860000000
    },
    {
      "path": "html_ui/Pages/VLivery/liveries/Legacy/dg808s_panel/compass/compass_compass_background.png",
      "size": 5916,
      "date": 132524650860000000
    },
    {
      "path": "html_ui/Pages/VLivery/liveries/Legacy/dg808s_panel/compass/compass_compass_lubber_line.png",
      "size": 399,
      "date": 132524650960000000
    },
    {
      "path": "html_ui/Pages/VLivery/liveries/Legacy/dg808s_panel/compass/compass_compass_shadow.png",
      "size": 149,
      "date": 132524650960000000
    },
    {
      "path": "html_ui/Pages/VLivery/liveries/Legacy/dg808s_panel/compass/compass_compass_strip.png",
      "size": 7611,
      "date": 132524650960000000
    },
    {
      "path": "html_ui/Pages/VLivery/liveries/Legacy/dg808s_panel/compass/compass_compass_strip_compass_mask.png",
      "size": 197,
      "date": 132524650960000000
    },
    {
      "path": "html_ui/Pages/VLivery/liveries/Legacy/dg808s_panel/electrical_buttons/electrical_buttons_electrical_buttons_background.png",
      "size": 4313,
      "date": 132524650960000000
    },
    {
      "path": "html_ui/Pages/VLivery/liveries/Legacy/dg808s_panel/Fonts/Quartz.ttf",
      "size": 57860,
      "date": 132422349548589869
    },
    {
      "path": "html_ui/Pages/VLivery/liveries/Legacy/dg808s_panel/nav_display/0.png",
      "size": 227,
      "date": 132549270479532179
    },
    {
      "path": "html_ui/Pages/VLivery/liveries/Legacy/dg808s_panel/nav_display/1.L.png",
      "size": 382,
      "date": 132549270114513954
    },
    {
      "path": "html_ui/Pages/VLivery/liveries/Legacy/dg808s_panel/nav_display/1.R.png",
      "size": 368,
      "date": 132549269982114924
    },
    {
      "path": "html_ui/Pages/VLivery/liveries/Legacy/dg808s_panel/nav_display/1L.png",
      "size": 425,
      "date": 132542589429759403
    },
    {
      "path": "html_ui/Pages/VLivery/liveries/Legacy/dg808s_panel/nav_display/1R.png",
      "size": 397,
      "date": 132542589662664219
    },
    {
      "path": "html_ui/Pages/VLivery/liveries/Legacy/dg808s_panel/nav_display/2.L.png",
      "size": 490,
      "date": 132549269227512568
    },
    {
      "path": "html_ui/Pages/VLivery/liveries/Legacy/dg808s_panel/nav_display/2.R.png",
      "size": 497,
      "date": 132549269064109460
    },
    {
      "path": "html_ui/Pages/VLivery/liveries/Legacy/dg808s_panel/nav_display/2L.png",
      "size": 660,
      "date": 132542589115702852
    },
    {
      "path": "html_ui/Pages/VLivery/liveries/Legacy/dg808s_panel/nav_display/2R.png",
      "size": 649,
      "date": 132542590430515143
    },
    {
      "path": "html_ui/Pages/VLivery/liveries/Legacy/dg808s_panel/nav_display/3.L.png",
      "size": 470,
      "date": 132549268093559004
    },
    {
      "path": "html_ui/Pages/VLivery/liveries/Legacy/dg808s_panel/nav_display/3.R.png",
      "size": 474,
      "date": 132549267910005720
    },
    {
      "path": "html_ui/Pages/VLivery/liveries/Legacy/dg808s_panel/nav_display/3L.png",
      "size": 780,
      "date": 132543173558680633
    },
    {
      "path": "html_ui/Pages/VLivery/liveries/Legacy/dg808s_panel/nav_display/3R.png",
      "size": 814,
      "date": 132543173750646729
    },
    {
      "path": "html_ui/Pages/VLivery/liveries/Legacy/dg808s_panel/nav_display/4L.png",
      "size": 935,
      "date": 132542587890669263
    },
    {
      "path": "html_ui/Pages/VLivery/liveries/Legacy/dg808s_panel/nav_display/4R.png",
      "size": 986,
      "date": 132542589903811241
    },
    {
      "path": "html_ui/Pages/VLivery/liveries/Legacy/dg808s_panel/nav_display/all.png",
      "size": 1250,
      "date": 132543192836836137
    },
    {
      "path": "html_ui/Pages/VLivery/liveries/Legacy/dg808s_panel/nav_display/background.pdn",
      "size": 37041,
      "date": 132545777463084383
    },
    {
      "path": "html_ui/Pages/VLivery/liveries/Legacy/dg808s_panel/nav_display/background.png",
      "size": 14604,
      "date": 132524651060000000
    },
    {
      "path": "html_ui/Pages/VLivery/liveries/Legacy/dg808s_panel/nav_display/nav_display.css",
      "size": 5200,
      "date": 132549273100755979
    },
    {
      "path": "html_ui/Pages/VLivery/liveries/Legacy/dg808s_panel/nav_display/nav_display.xml",
      "size": 31981,
      "date": 129456234960000000
    },
    {
      "path": "html_ui/Pages/VLivery/liveries/Legacy/dg808s_panel/nav_display/zero.png",
      "size": 202,
      "date": 132542591309723956
    },
    {
      "path": "html_ui/Pages/VLivery/liveries/Legacy/dg808s_panel/oat/oat_oat_background.png",
      "size": 455,
      "date": 132524651060000000
    },
    {
      "path": "html_ui/Pages/VLivery/liveries/Legacy/dg808s_panel/oat/oat_oat_line.png",
      "size": 124,
      "date": 132524651060000000
    },
    {
      "path": "html_ui/Pages/VLivery/liveries/Legacy/dg808s_panel/oat/oat_oat_shadow.png",
      "size": 130,
      "date": 132524651060000000
    },
    {
      "path": "html_ui/Pages/VLivery/liveries/Legacy/dg808s_panel/oat/oat_oat_strip.png",
      "size": 1228,
      "date": 132524651060000000
    },
    {
      "path": "html_ui/Pages/VLivery/liveries/Legacy/dg808s_panel/oat/oat_oat_strip_oat_mask.png",
      "size": 160,
      "date": 132524651080000000
    },
    {
      "path": "html_ui/Pages/VLivery/liveries/Legacy/dg808s_panel/radio/radio_radio_background.png",
      "size": 9342,
      "date": 132524651080000000
    },
    {
      "path": "html_ui/Pages/VLivery/liveries/Legacy/dg808s_panel/radio/radio_radio_button_mode_in.png",
      "size": 966,
      "date": 132524651080000000
    },
    {
      "path": "html_ui/Pages/VLivery/liveries/Legacy/dg808s_panel/radio/radio_radio_button_mode_out.png",
      "size": 1041,
      "date": 132524651080000000
    },
    {
      "path": "html_ui/Pages/VLivery/liveries/Legacy/dg808s_panel/radio/radio_radio_button_squelch_in.png",
      "size": 996,
      "date": 132524651080000000
    },
    {
      "path": "html_ui/Pages/VLivery/liveries/Legacy/dg808s_panel/radio/radio_radio_button_squelch_out.png",
      "size": 1038,
      "date": 132524651080000000
    },
    {
      "path": "html_ui/Pages/VLivery/liveries/Legacy/dg808s_panel/radio/radio_radio_button_standby_in.png",
      "size": 845,
      "date": 132524651080000000
    },
    {
      "path": "html_ui/Pages/VLivery/liveries/Legacy/dg808s_panel/radio/radio_radio_button_standby_out.png",
      "size": 865,
      "date": 132524651080000000
    },
    {
      "path": "html_ui/Pages/VLivery/liveries/Legacy/dg808s_panel/radio/radio_radio_button_sto_in.png",
      "size": 943,
      "date": 132524651080000000
    },
    {
      "path": "html_ui/Pages/VLivery/liveries/Legacy/dg808s_panel/radio/radio_radio_button_sto_out.png",
      "size": 997,
      "date": 132524651080000000
    },
    {
      "path": "html_ui/Pages/VLivery/liveries/Legacy/dg808s_panel/radio/radio_radio_knob_power_and_volume.png",
      "size": 471,
      "date": 132524651100000000
    },
    {
      "path": "html_ui/Pages/VLivery/liveries/Legacy/dg808s_panel/transponder/transponder_transponder _background.png",
      "size": 7138,
      "date": 132524651100000000
    },
    {
      "path": "html_ui/Pages/VLivery/liveries/Legacy/dg808s_panel/transponder/transponder_transponder_button_mode_in.png",
      "size": 511,
      "date": 132524651100000000
    },
    {
      "path": "html_ui/Pages/VLivery/liveries/Legacy/dg808s_panel/transponder/transponder_transponder_button_mode_out.png",
      "size": 517,
      "date": 132524651100000000
    },
    {
      "path": "html_ui/Pages/VLivery/liveries/Legacy/dg808s_panel/transponder/transponder_transponder_button_squelch_in.png",
      "size": 490,
      "date": 132524651100000000
    },
    {
      "path": "html_ui/Pages/VLivery/liveries/Legacy/dg808s_panel/transponder/transponder_transponder_button_squelch_out.png",
      "size": 497,
      "date": 132524651100000000
    },
    {
      "path": "html_ui/Pages/VLivery/liveries/Legacy/dg808s_panel/transponder/transponder_transponder_button_standby_in.png",
      "size": 349,
      "date": 132524651100000000
    },
    {
      "path": "html_ui/Pages/VLivery/liveries/Legacy/dg808s_panel/transponder/transponder_transponder_button_standby_out.png",
      "size": 374,
      "date": 132524651100000000
    },
    {
      "path": "html_ui/Pages/VLivery/liveries/Legacy/dg808s_panel/transponder/transponder_transponder_button_sto_in.png",
      "size": 398,
      "date": 132524651100000000
    },
    {
      "path": "html_ui/Pages/VLivery/liveries/Legacy/dg808s_panel/transponder/transponder_transponder_button_sto_out.png",
      "size": 406,
      "date": 132524651100000000
    },
    {
      "path": "html_ui/Pages/VLivery/liveries/Legacy/dg808s_panel/trim/background.png",
      "size": 278,
      "date": 132544971861654501
    },
    {
      "path": "html_ui/Pages/VLivery/liveries/Legacy/dg808s_panel/trim/gear_down.png",
      "size": 673,
      "date": 132544944953156987
    },
    {
      "path": "html_ui/Pages/VLivery/liveries/Legacy/dg808s_panel/trim/launch.png",
      "size": 864,
      "date": 132550189093804671
    },
    {
      "path": "html_ui/Pages/VLivery/liveries/Legacy/dg808s_panel/trim/pointer.png",
      "size": 158,
      "date": 132544952655597849
    },
    {
      "path": "html_ui/Pages/VLivery/liveries/Legacy/dg808s_panel/trim/spoilers.png",
      "size": 1000,
      "date": 132550163349942653
    },
    {
      "path": "html_ui/Pages/VLivery/liveries/Legacy/dg808s_panel/trim/trim.css",
      "size": 1471,
      "date": 132550167116102660
    },
    {
      "path": "html_ui/Pages/VLivery/liveries/Legacy/dg808s_panel/trim/trim.pdn",
      "size": 5080,
      "date": 132544891273645174
    },
    {
      "path": "html_ui/Pages/VLivery/liveries/Legacy/dg808s_panel/turn_bank/turn_bank_turn_bank_background.png",
      "size": 5510,
      "date": 132524651120000000
    },
    {
      "path": "html_ui/Pages/VLivery/liveries/Legacy/dg808s_panel/turn_bank/turn_bank_turn_bank_ball_overlay.png",
      "size": 412,
      "date": 132524651120000000
    },
    {
      "path": "html_ui/Pages/VLivery/liveries/Legacy/dg808s_panel/turn_bank/turn_bank_turn_bank_needle.png",
      "size": 883,
      "date": 132524651120000000
    },
    {
      "path": "html_ui/Pages/VLivery/liveries/Legacy/dg808s_panel/turn_bank/turn_bank_turn_bank_off_flag.png",
      "size": 397,
      "date": 132524651120000000
    },
    {
      "path": "html_ui/Pages/VLivery/liveries/Legacy/dg808s_panel/variometer/arrow_down.png",
      "size": 242,
      "date": 132524651140000000
    },
    {
      "path": "html_ui/Pages/VLivery/liveries/Legacy/dg808s_panel/variometer/arrow_up.png",
      "size": 247,
      "date": 132524651140000000
    },
    {
      "path": "html_ui/Pages/VLivery/liveries/Legacy/dg808s_panel/variometer/average_decreasing.png",
      "size": 2868,
      "date": 132524651120000000
    },
    {
      "path": "html_ui/Pages/VLivery/liveries/Legacy/dg808s_panel/variometer/average_increasing.png",
      "size": 183,
      "date": 132524651120000000
    },
    {
      "path": "html_ui/Pages/VLivery/liveries/Legacy/dg808s_panel/variometer/avg.png",
      "size": 423,
      "date": 132546811695534273
    },
    {
      "path": "html_ui/Pages/VLivery/liveries/Legacy/dg808s_panel/variometer/background.png",
      "size": 11416,
      "date": 132546813571212624
    },
    {
      "path": "html_ui/Pages/VLivery/liveries/Legacy/dg808s_panel/variometer/decimal_point.png",
      "size": 141,
      "date": 132546811274092304
    },
    {
      "path": "html_ui/Pages/VLivery/liveries/Legacy/dg808s_panel/variometer/mode_auto_climb.png",
      "size": 362,
      "date": 132540599545028642
    },
    {
      "path": "html_ui/Pages/VLivery/liveries/Legacy/dg808s_panel/variometer/mode_climb.png",
      "size": 179,
      "date": 132541647738453850
    },
    {
      "path": "html_ui/Pages/VLivery/liveries/Legacy/dg808s_panel/variometer/mode_cruise.png",
      "size": 188,
      "date": 132541670987569742
    },
    {
      "path": "html_ui/Pages/VLivery/liveries/Legacy/dg808s_panel/variometer/needle.png",
      "size": 819,
      "date": 132538051663998622
    },
    {
      "path": "html_ui/Pages/VLivery/liveries/Legacy/dg808s_panel/variometer/variometer.css",
      "size": 6077,
      "date": 132546819928627499
    },
    {
      "path": "html_ui/Pages/VLivery/liveries/Legacy/dg808s_panel/winter/winter.css",
      "size": 833,
      "date": 132538749938575342
    },
    {
      "path": "html_ui/Pages/VLivery/liveries/Legacy/dg808s_panel/winter/winter_background.png",
      "size": 8541,
      "date": 132524651160000000
    },
    {
      "path": "html_ui/Pages/VLivery/liveries/Legacy/dg808s_panel/winter/winter_needle.png",
      "size": 246,
      "date": 132531915933864815
    },
    {
      "path": "html_ui/Pages/VLivery/liveries/Legacy/dg808s_panel/yawstring/yawstring-base.png",
      "size": 1880,
      "date": 132524651160000000
    },
    {
      "path": "html_ui/Pages/VLivery/liveries/Legacy/dg808s_panel/yawstring/yawstring-section1.png",
      "size": 4171,
      "date": 132524651160000000
    },
    {
      "path": "html_ui/Pages/VLivery/liveries/Legacy/dg808s_panel/yawstring/yawstring-section2.png",
      "size": 4101,
      "date": 132524651160000000
    },
    {
      "path": "html_ui/Pages/VLivery/liveries/Legacy/dg808s_panel/yawstring/yawstring-section3.png",
      "size": 4172,
      "date": 132524651160000000
    }
  ]
}