﻿<?xml version="1.0" encoding="UTF-8"?>

<SimBase.Document Type="MissionFile" version="1,0">
    <Descr>Soaring Competition</Descr>
    <Title>USA 18m Nationals at Mifflin - Day 1</Title>
    <WorldBase.Flight>
        <SimMission.DialogAction InstanceId="{816266D7-7AA3-41BB-B539-5AA086D09FF5}">
            <Descr>dialog_00_start_gate_open</Descr>
            <Text>Mifflin to all competing gliders.  It&apos;s Day 1, and the start gate is now open.</Text>
            <SoundFileName>dialog_00_start_gate_open.wav</SoundFileName>
            <DelaySeconds>2.000</DelaySeconds>
        </SimMission.DialogAction>
        <SimMission.DialogAction InstanceId="{09394720-2196-4BBC-B828-00436B5F8B89}">
            <Descr>dialog_01_bad_start</Descr>
            <Text>Yankee-November, was that intended to be a start? It looked higher than 6000 feet AGL from down here</Text>
            <SoundFileName>dialog_01_bad_start.wav</SoundFileName>
        </SimMission.DialogAction>
        <SimMission.DialogAction InstanceId="{530EA5DD-2BB6-4A66-A1E1-6242C1CED546}">
            <Descr>dialog_02_good_start</Descr>
            <Text>Yankee-November good start.</Text>
            <SoundFileName>dialog_02_good_start.wav</SoundFileName>
        </SimMission.DialogAction>
        <SimMission.DialogAction InstanceId="{9241FA4E-F943-493B-AB17-1CDD4191F303}">
            <Descr>dialog_03_height_reminder</Descr>
            <Text>Reminder - the task area height limit is 7500 feet maximum</Text>
            <SoundFileName>dialog_03_height_reminder.wav</SoundFileName>
        </SimMission.DialogAction>
        <SimMission.DialogAction InstanceId="{5F124F2F-529B-46F4-A8FC-D883A3E65688}">
            <Descr>dialog_10_tp1</Descr>
            <Text>Yankee-November well done reaching Bedford Airport.</Text>
            <SoundFileName>dialog_10_tp1.wav</SoundFileName>
            <DelaySeconds>4.000</DelaySeconds>
        </SimMission.DialogAction>
        <SimMission.DialogAction InstanceId="{01A657F7-555C-4549-BACF-269455788715}">
            <Descr>dialog_20_tp2</Descr>
            <Text>Yankee-November nice job getting around Selingsgrove Airport.</Text>
            <SoundFileName>dialog_20_tp2.wav</SoundFileName>
        </SimMission.DialogAction>
        <SimMission.DialogAction InstanceId="{4A1D0E7C-67F5-4E93-919A-F21CDD5C51E4}">
            <Descr>dialog_25_mid_way</Descr>
            <Text>Yankee-November you&apos;re over half-way round the task.</Text>
            <SoundFileName>dialog_25_mid_way.wav</SoundFileName>
        </SimMission.DialogAction>
        <SimMission.DialogAction InstanceId="{567217B3-9DC4-4665-8DFA-0E1050D3C6BD}">
            <Descr>dialog_30_tp3</Descr>
            <Text>Yankee-November good job reaching Mifflin. Take care on the high ground to Penns Cave.</Text>
            <SoundFileName>dialog_30_tp3.wav</SoundFileName>
        </SimMission.DialogAction>
        <SimMission.DialogAction InstanceId="{835925D1-A43B-4254-A265-A3DFB428E0E6}">
            <Descr>dialog_41_tp4</Descr>
            <Text>Yankee-November that&apos;s the last turnpoint. Now watch the arrival height for Mifflin. A 1200 foot safety margin is the minimum for the high ground.</Text>
            <SoundFileName>dialog_41_tp4.wav</SoundFileName>
        </SimMission.DialogAction>
        <SimMission.DialogAction InstanceId="{63FD5947-33C3-4A29-ACFF-9253156CD3F0}">
            <Descr>dialog_50_final_glide</Descr>
            <Text>Yankee-November we can see you coming in.  Well done. See you soon.</Text>
            <SoundFileName>dialog_50_final_glide.wav</SoundFileName>
        </SimMission.DialogAction>
        <SimMission.DialogAction InstanceId="{21F80716-1E20-4D6F-A7E2-B9BFC0514A76}">
            <Descr>dialog_51</Descr>
            <Text>It looks like you&apos;re taking the Northerly route along the ridges. Watch out when they turn out of the wind.</Text>
            <SoundFileName>dialog_51.wav</SoundFileName>
        </SimMission.DialogAction>
        <SimMission.DialogAction InstanceId="{8BFBF0E4-A1F8-4658-A342-56AD9C264422}">
            <Descr>dialog_52</Descr>
            <Text>This is Raystown Lake - the ridge should give some lift.</Text>
            <SoundFileName>dialog_52.wav</SoundFileName>
        </SimMission.DialogAction>
        <SimMission.DialogAction InstanceId="{0A2B5126-F071-435C-8E00-586CFA7B207C}">
            <Descr>dialog_53</Descr>
            <Text>You don&apos;t want to be low in this area.</Text>
            <SoundFileName>dialog_53.wav</SoundFileName>
        </SimMission.DialogAction>
        <SimMission.DialogAction InstanceId="{68C45CED-5952-4D3A-A2EF-6F78465FF897}">
            <Descr>dialog_54</Descr>
            <Text>Not far from Bedford. The ridges are not aligned well for a low save here.</Text>
            <SoundFileName>dialog_54.wav</SoundFileName>
        </SimMission.DialogAction>
        <SimMission.DialogAction InstanceId="{86CD221E-7736-4B52-BEC6-27136437F9BC}">
            <Descr>dialog_55</Descr>
            <Text>Looks like you&apos;ve reached the ridge at Orbisonia. That should help on the run to Selingsgrove.</Text>
            <SoundFileName>dialog_55.wav</SoundFileName>
        </SimMission.DialogAction>
        <SimMission.DialogAction InstanceId="{65329BFF-8F0B-45ED-BDB4-79A2A6A572C3}">
            <Descr>dialog_56</Descr>
            <Text>Do you have enough height? You might need to fall back to the ridge and try again.</Text>
            <SoundFileName>dialog_56.wav</SoundFileName>
        </SimMission.DialogAction>
        <SimMission.DialogAction InstanceId="{36DD9CE7-F802-43B4-B76F-FC70BB006865}">
            <Descr>dialog_57</Descr>
            <Text>Approaching Mifflin - don&apos;t forget you need height to get across high ground to Penns Cave</Text>
            <SoundFileName>dialog_57.wav</SoundFileName>
        </SimMission.DialogAction>
        <SimMission.DialogAction InstanceId="{CA8538D6-04EA-4F06-8944-ED4864E09F66}">
            <Descr>dialog_58</Descr>
            <Text>It looks like you&apos;re taking the direct route to Bedford.  The ridge at Raystown Lake might help, but you will need to get high to reach the TP.</Text>
            <SoundFileName>dialog_58.wav</SoundFileName>
        </SimMission.DialogAction>
        <SimMission.DialogAction InstanceId="{711C7CE1-266C-4CC3-99EE-08F53F129220}">
            <Descr>dialog_59</Descr>
            <Text>Nearly home... one climb at Penns Cave should be enough to get home.  Watch the arrival height indicator. Set the Maccready for the final glide.</Text>
            <SoundFileName>dialog_59.wav</SoundFileName>
        </SimMission.DialogAction>
        <SimMission.DialogAction InstanceId="{6206FC3C-483C-4379-9161-028E377E4EE9}">
            <Descr>dialog_60</Descr>
            <Text>It looks like you&apos;ve taken the ridges North from Bedford - that&apos;ll be interesting.</Text>
            <SoundFileName>dialog_60.wav</SoundFileName>
        </SimMission.DialogAction>
        <SimMission.DialogAction InstanceId="{0C3454A4-C90E-419E-B6C1-1FF6BB5EB615}">
            <Descr>dialog_70_height_warning</Descr>
            <Text>Yankee-November you are getting close to the area height limit.</Text>
            <SoundFileName>dialog_70_height_warning.wav</SoundFileName>
        </SimMission.DialogAction>
        <SimMission.DialogAction InstanceId="{2DDBF1F6-2BB2-43BD-A098-DDDE1CB10830}">
            <Descr>dialog_71_height_limit</Descr>
            <Text>Yankee-November what happened? You&apos;ve strayed into the upper airspace and have been disqualified.</Text>
            <SoundFileName>dialog_71_height_limit.wav</SoundFileName>
        </SimMission.DialogAction>
        <SimMission.DialogAction InstanceId="{F3EB296B-FE0C-4F3A-AAB5-0834CEC2598C}">
            <Descr>dialog_72_height_warning_2</Descr>
            <Text>Yankee-November you&apos;re entering the upper airspace. Descend immediately.</Text>
            <SoundFileName>dialog_72_height_warning_2.wav</SoundFileName>
        </SimMission.DialogAction>
        <SimMission.DialogAction InstanceId="{2F081DAC-ECA9-4EDC-953E-B74516BA5097}">
            <Descr>dialog_73_height_warning_3</Descr>
            <Text>Yankee-November watch out! (airspace warning)</Text>
            <SoundFileName>dialog_73_height_warning_3.wav</SoundFileName>
            <DelaySeconds>10.000</DelaySeconds>
        </SimMission.DialogAction>
        <SimMission.DialogAction InstanceId="{7D3777EC-7565-45DE-8CD7-FE8035B3964F}">
            <Descr>dialog_90_land_out</Descr>
            <Text>Yankee-November we&apos;ve recorded a land-out for you. Please call in when you&apos;re ready.</Text>
            <SoundFileName>dialog_90_land_out.wav</SoundFileName>
            <DelaySeconds>4.000</DelaySeconds>
        </SimMission.DialogAction>
        <SimMission.DialogAction InstanceId="{E95B3B7D-3CE6-49E0-B657-C37DAAAA6574}">
            <Descr>dialog_99_good_finish</Descr>
            <Text>Yankee-November good finish!</Text>
            <SoundFileName>dialog_99_good_finish.wav</SoundFileName>
        </SimMission.DialogAction>
        <SimMission.GoalResolutionAction InstanceId="{0D70BCFC-5885-4855-9494-A5AA1F7AC089}">
            <Descr>GoalResAct_good_finish</Descr>
            <Goals>
                <ObjectReference id="Goal_good_finish" InstanceId="{6E284343-91B1-4AE9-8573-4401612CD8EC}">
                </ObjectReference>
            </Goals>
        </SimMission.GoalResolutionAction>
        <SimMission.GoalResolutionAction InstanceId="{597313E6-B7D2-47A1-B2B4-4BA6A3165D53}">
            <Descr>GoalResAct_good_start</Descr>
            <Goals>
                <ObjectReference id="Goal_good_start" InstanceId="{EEF0E608-1B7A-4544-AED6-3EC6C25AE47A}">
                </ObjectReference>
            </Goals>
        </SimMission.GoalResolutionAction>
        <SimMission.GoalResolutionAction InstanceId="{8390F2E9-9608-4946-BD7E-082314811A3F}">
            <Descr>GoalResAct_mission_fail</Descr>
            <GoalResolution>failed</GoalResolution>
            <Goals>
                <ObjectReference id="Goal_good_finish" InstanceId="{6E284343-91B1-4AE9-8573-4401612CD8EC}">
                </ObjectReference>
            </Goals>
        </SimMission.GoalResolutionAction>
        <SimMission.GoalResolutionAction InstanceId="{E2B0931B-3DA4-4BB7-B022-6C03A18E2227}">
            <Descr>GoalResAct_TP1</Descr>
            <Goals>
                <ObjectReference id="Goal_TP1" InstanceId="{04EACD37-CD3C-4B76-BCD5-677071CE6454}">
                </ObjectReference>
            </Goals>
        </SimMission.GoalResolutionAction>
        <SimMission.GoalResolutionAction InstanceId="{0880B66A-BC8B-4CD6-AAA7-70B7B987D333}">
            <Descr>GoalResAct_TP2</Descr>
            <Goals>
                <ObjectReference id="Goal_TP2" InstanceId="{5450F91D-78A8-44F8-B0BD-94D23C7123A0}">
                </ObjectReference>
            </Goals>
        </SimMission.GoalResolutionAction>
        <SimMission.GoalResolutionAction InstanceId="{F53D0523-D2F5-4A31-BA52-D374C71CCEA1}">
            <Descr>GoalResAct_TP3</Descr>
            <Goals>
                <ObjectReference id="Goal_TP3" InstanceId="{8A9F8208-9ADE-4047-802A-12D9A19054DA}">
                </ObjectReference>
            </Goals>
        </SimMission.GoalResolutionAction>
        <SimMission.GoalResolutionAction InstanceId="{FBF02A58-74E3-40E1-BC2F-98C6830D7D45}">
            <Descr>GoalResAct_TP4</Descr>
            <Goals>
                <ObjectReference id="Goal_TP4" InstanceId="{51492814-6794-4229-ACC0-95575C70B77F}">
                </ObjectReference>
            </Goals>
        </SimMission.GoalResolutionAction>
        <SimMission.GrantRewardAction InstanceId="{58C39B62-123A-41AC-983C-83357D459CB2}">
            <Descr>GrantRewardAction44</Descr>
            <RewardRef>{EC9A2768-12A6-443B-86AE-1B940AD3D551}</RewardRef>
        </SimMission.GrantRewardAction>
        <SimMission.ObjectActivationAction InstanceId="{E420FB4F-23CC-4D6E-A967-A33009A60047}">
            <Descr>ObjAct_51</Descr>
            <ObjectReferenceList>
                <ObjectReference id="ProxTrig_51" InstanceId="{51DAAC3B-2E9B-45A1-B09B-77FC50B49AD0}">
                </ObjectReference>
            </ObjectReferenceList>
        </SimMission.ObjectActivationAction>
        <SimMission.ObjectActivationAction InstanceId="{8EBA29CD-79A9-49B9-88DC-57D19588ADBA}">
            <Descr>ObjAct_52</Descr>
            <ObjectReferenceList>
                <ObjectReference id="ProxTrig_52" InstanceId="{7956A1CB-B37D-4A91-A8B1-33D901E2E234}">
                </ObjectReference>
            </ObjectReferenceList>
        </SimMission.ObjectActivationAction>
        <SimMission.ObjectActivationAction InstanceId="{F8BEEB0D-C62A-4DCB-933F-7822A19E9DE6}">
            <Descr>ObjAct_53</Descr>
            <ObjectReferenceList>
                <ObjectReference id="ProxTrig_53" InstanceId="{A16F8F22-2FFF-4D51-819E-20ED44A4B3BC}">
                </ObjectReference>
            </ObjectReferenceList>
        </SimMission.ObjectActivationAction>
        <SimMission.ObjectActivationAction InstanceId="{042DB458-E440-4955-B84B-0109A95E5D3E}">
            <Descr>ObjAct_54</Descr>
            <ObjectReferenceList>
                <ObjectReference id="ProxTrig_54" InstanceId="{0B922189-C22D-49C5-AA88-B5A6F04038F3}">
                </ObjectReference>
            </ObjectReferenceList>
        </SimMission.ObjectActivationAction>
        <SimMission.ObjectActivationAction InstanceId="{805313CF-E55E-4886-A56F-4A9117FBAB9A}">
            <Descr>ObjAct_55</Descr>
            <ObjectReferenceList>
                <ObjectReference id="ProxTrig_55" InstanceId="{8844E836-937B-4447-A07C-2F940A683C26}">
                </ObjectReference>
            </ObjectReferenceList>
        </SimMission.ObjectActivationAction>
        <SimMission.ObjectActivationAction InstanceId="{83F0D559-5F5E-457D-9820-4688AE85F0A2}">
            <Descr>ObjAct_56</Descr>
            <ObjectReferenceList>
                <ObjectReference id="ProxTrig_56" InstanceId="{788B08CA-24A9-4ECE-A55F-027BA9F60948}">
                </ObjectReference>
            </ObjectReferenceList>
        </SimMission.ObjectActivationAction>
        <SimMission.ObjectActivationAction InstanceId="{6375D954-320D-46B0-89A6-18779B539648}">
            <Descr>ObjAct_57</Descr>
            <ObjectReferenceList>
                <ObjectReference id="ProxTrig_57" InstanceId="{BBAFFBAE-3107-4D46-8574-90F01D10EC58}">
                </ObjectReference>
            </ObjectReferenceList>
        </SimMission.ObjectActivationAction>
        <SimMission.ObjectActivationAction InstanceId="{95BD6C77-4623-4062-9917-EDF7EB96CA87}">
            <Descr>ObjAct_58</Descr>
            <ObjectReferenceList>
                <ObjectReference id="ProxTrig_58" InstanceId="{5361FEC1-1924-4E2B-95D5-9F895618AA28}">
                </ObjectReference>
            </ObjectReferenceList>
        </SimMission.ObjectActivationAction>
        <SimMission.ObjectActivationAction InstanceId="{CB7B52D8-A8A9-4B8E-8AD5-43D7DF0DD3F8}">
            <Descr>ObjAct_59</Descr>
            <ObjectReferenceList>
                <ObjectReference id="ProxTrig_59" InstanceId="{F19A327B-24CC-4B2C-9AD6-A72BB9CAA9DD}">
                </ObjectReference>
            </ObjectReferenceList>
        </SimMission.ObjectActivationAction>
        <SimMission.ObjectActivationAction InstanceId="{83055264-EFB9-4C71-96B1-021F895C8F71}">
            <Descr>ObjAct_60</Descr>
            <ObjectReferenceList>
                <ObjectReference id="ProxTrig_60" InstanceId="{DFA9302C-B103-4FD8-AF41-EA32A567D47A}">
                </ObjectReference>
            </ObjectReferenceList>
        </SimMission.ObjectActivationAction>
        <SimMission.ObjectActivationAction InstanceId="{AF0BF63D-7163-47FC-9EBE-7A949E8736C2}">
            <Descr>ObjAct_AreaLandTrig_landout</Descr>
            <ObjectReferenceList>
                <ObjectReference id="AreaLandTrig_landout" InstanceId="{65905CD1-DACF-4CD9-A68A-66EF864C93CB}">
                </ObjectReference>
            </ObjectReferenceList>
        </SimMission.ObjectActivationAction>
        <SimMission.ObjectActivationAction InstanceId="{54EF1B0A-8AB2-4F68-9874-1BB89030C116}">
            <Descr>ObjAct_disable_bad_start</Descr>
            <NewObjectState>False</NewObjectState>
            <ObjectReferenceList>
                <ObjectReference id="ProxTrig_0_start_too_high" InstanceId="{B105A372-CBED-42B5-BFF7-67453FA4B743}">
                </ObjectReference>
            </ObjectReferenceList>
        </SimMission.ObjectActivationAction>
        <SimMission.ObjectActivationAction InstanceId="{50B772AC-BA3D-41C7-B455-37E0C11D3431}">
            <Descr>ObjAct_ProxTrig_airfield_landing</Descr>
            <ObjectReferenceList>
                <ObjectReference id="ProxTrig_airfield_landing" InstanceId="{D0BF867D-80BF-4300-B3C8-A67AD209C0EF}">
                </ObjectReference>
            </ObjectReferenceList>
        </SimMission.ObjectActivationAction>
        <SimMission.ObjectActivationAction InstanceId="{B3370A57-DCB5-4D9D-824C-96586ADDC589}">
            <Descr>ObjAct_ProxTrig_final_glide</Descr>
            <ObjectReferenceList>
                <ObjectReference id="ProxTrig_final_glide" InstanceId="{6F1F7CF8-214F-421C-856D-FD2781527A59}">
                </ObjectReference>
            </ObjectReferenceList>
        </SimMission.ObjectActivationAction>
        <SimMission.ObjectActivationAction InstanceId="{90501C87-D6BC-4ED6-8A57-00CB92AA24A7}">
            <Descr>ObjAct_ProxTrig_finish</Descr>
            <ObjectReferenceList>
                <ObjectReference id="ProxTrig_finish" InstanceId="{E07626A0-01A4-4273-8A62-941E261EFD3E}">
                </ObjectReference>
            </ObjectReferenceList>
        </SimMission.ObjectActivationAction>
        <SimMission.ObjectActivationAction InstanceId="{3C855C8F-3F5A-402F-A0EB-9B825E7B885B}">
            <Descr>ObjAct_ProxTrig_mid_way</Descr>
            <ObjectReferenceList>
                <ObjectReference id="ProxTrig_mid_way" InstanceId="{9E6546E0-5037-40BD-8360-26BF820AD13D}">
                </ObjectReference>
            </ObjectReferenceList>
        </SimMission.ObjectActivationAction>
        <SimMission.ObjectActivationAction InstanceId="{245DC6B2-FE4A-46C9-8764-52DC8B8A4DAC}">
            <Descr>ObjAct_ProxTrig_TP1</Descr>
            <ObjectReferenceList>
                <ObjectReference id="ProxTrig_TP1" InstanceId="{E3B4BFAB-BC23-467A-8133-D01C842437D7}">
                </ObjectReference>
            </ObjectReferenceList>
        </SimMission.ObjectActivationAction>
        <SimMission.ObjectActivationAction InstanceId="{3D398456-0899-4732-ACAF-18CF677FAA82}">
            <Descr>ObjAct_ProxTrig_TP2</Descr>
            <ObjectReferenceList>
                <ObjectReference id="ProxTrig_TP2" InstanceId="{B9F70251-2992-4B94-9247-DBEAB1AF56A9}">
                </ObjectReference>
            </ObjectReferenceList>
        </SimMission.ObjectActivationAction>
        <SimMission.ObjectActivationAction InstanceId="{3AE7A6DC-7D84-4FB2-8BEF-14675AF95B01}">
            <Descr>ObjAct_ProxTrig_TP3</Descr>
            <ObjectReferenceList>
                <ObjectReference id="ProxTrig_TP3" InstanceId="{08FE902A-16C5-4A27-881B-683EDE627208}">
                </ObjectReference>
            </ObjectReferenceList>
        </SimMission.ObjectActivationAction>
        <SimMission.ObjectActivationAction InstanceId="{ACE9584D-C589-4B1F-B7A2-5BAE805FD6BE}">
            <Descr>ObjAct_ProxTrig_TP4</Descr>
            <ObjectReferenceList>
                <ObjectReference id="ProxTrig_TP4" InstanceId="{19E1048B-A1F5-424B-8FF6-D328127E1FA6}">
                </ObjectReference>
            </ObjectReferenceList>
        </SimMission.ObjectActivationAction>
        <SimMission.ObjectActivationAction InstanceId="{0238B780-D70A-46F1-AAE1-3DFFDED20010}">
            <Descr>ObjAct_task_timer</Descr>
            <ObjectReferenceList>
                <ObjectReference id="tmr_task_timer" InstanceId="{E6C39645-F88D-4963-9A9E-72E6A33A60B3}">
                </ObjectReference>
            </ObjectReferenceList>
        </SimMission.ObjectActivationAction>
        <SimMission.ObjectActivationAction InstanceId="{F3ABF1B3-19C7-4216-8C62-1AD51B37C57B}">
            <Descr>ObjDeAct_51</Descr>
            <NewObjectState>False</NewObjectState>
            <ObjectReferenceList>
                <ObjectReference id="ProxTrig_51" InstanceId="{51DAAC3B-2E9B-45A1-B09B-77FC50B49AD0}">
                </ObjectReference>
            </ObjectReferenceList>
        </SimMission.ObjectActivationAction>
        <SimMission.ObjectActivationAction InstanceId="{7B444B91-CF6B-4F99-96B1-9C637A6CD3B8}">
            <Descr>ObjDeAct_52</Descr>
            <NewObjectState>False</NewObjectState>
            <ObjectReferenceList>
                <ObjectReference id="ProxTrig_52" InstanceId="{7956A1CB-B37D-4A91-A8B1-33D901E2E234}">
                </ObjectReference>
            </ObjectReferenceList>
        </SimMission.ObjectActivationAction>
        <SimMission.ObjectActivationAction InstanceId="{CAE48EF8-B4CB-4529-8A13-B6514DC8FDE6}">
            <Descr>ObjDeAct_53</Descr>
            <NewObjectState>False</NewObjectState>
            <ObjectReferenceList>
                <ObjectReference id="ProxTrig_53" InstanceId="{A16F8F22-2FFF-4D51-819E-20ED44A4B3BC}">
                </ObjectReference>
            </ObjectReferenceList>
        </SimMission.ObjectActivationAction>
        <SimMission.ObjectActivationAction InstanceId="{C9AF2A27-8BFC-45B6-9DFC-1372F4810782}">
            <Descr>ObjDeAct_54</Descr>
            <NewObjectState>False</NewObjectState>
            <ObjectReferenceList>
                <ObjectReference id="ProxTrig_54" InstanceId="{0B922189-C22D-49C5-AA88-B5A6F04038F3}">
                </ObjectReference>
            </ObjectReferenceList>
        </SimMission.ObjectActivationAction>
        <SimMission.ObjectActivationAction InstanceId="{8F40F1B9-FF3A-4AFE-942D-D00711391F34}">
            <Descr>ObjDeAct_55</Descr>
            <NewObjectState>False</NewObjectState>
            <ObjectReferenceList>
                <ObjectReference id="ProxTrig_55" InstanceId="{8844E836-937B-4447-A07C-2F940A683C26}">
                </ObjectReference>
            </ObjectReferenceList>
        </SimMission.ObjectActivationAction>
        <SimMission.ObjectActivationAction InstanceId="{8F61356A-B81D-4206-BBC2-14F78D05DBBC}">
            <Descr>ObjDeAct_56</Descr>
            <NewObjectState>False</NewObjectState>
            <ObjectReferenceList>
                <ObjectReference id="ProxTrig_56" InstanceId="{788B08CA-24A9-4ECE-A55F-027BA9F60948}">
                </ObjectReference>
            </ObjectReferenceList>
        </SimMission.ObjectActivationAction>
        <SimMission.ObjectActivationAction InstanceId="{A71D613A-C2A7-4217-A0A0-6925130E3550}">
            <Descr>ObjDeAct_57</Descr>
            <NewObjectState>False</NewObjectState>
            <ObjectReferenceList>
                <ObjectReference id="ProxTrig_57" InstanceId="{BBAFFBAE-3107-4D46-8574-90F01D10EC58}">
                </ObjectReference>
            </ObjectReferenceList>
        </SimMission.ObjectActivationAction>
        <SimMission.ObjectActivationAction InstanceId="{37A030F7-AA53-499B-86CD-A89CD027D432}">
            <Descr>ObjDeAct_58</Descr>
            <NewObjectState>False</NewObjectState>
            <ObjectReferenceList>
                <ObjectReference id="ProxTrig_58" InstanceId="{5361FEC1-1924-4E2B-95D5-9F895618AA28}">
                </ObjectReference>
            </ObjectReferenceList>
        </SimMission.ObjectActivationAction>
        <SimMission.ObjectActivationAction InstanceId="{A9FD7572-4297-4596-92DE-9FE1AA0C253D}">
            <Descr>ObjDeAct_59</Descr>
            <NewObjectState>False</NewObjectState>
            <ObjectReferenceList>
                <ObjectReference id="ProxTrig_59" InstanceId="{F19A327B-24CC-4B2C-9AD6-A72BB9CAA9DD}">
                </ObjectReference>
            </ObjectReferenceList>
        </SimMission.ObjectActivationAction>
        <SimMission.ObjectActivationAction InstanceId="{DB1752E9-031F-47DF-84D3-68B92E72FEF4}">
            <Descr>ObjDeAct_60</Descr>
            <NewObjectState>False</NewObjectState>
            <ObjectReferenceList>
                <ObjectReference id="ProxTrig_60" InstanceId="{DFA9302C-B103-4FD8-AF41-EA32A567D47A}">
                </ObjectReference>
            </ObjectReferenceList>
        </SimMission.ObjectActivationAction>
        <SimMission.ObjectActivationAction InstanceId="{CE751F9E-F412-4CC4-A9F0-E4472C6ABD46}">
            <Descr>ObjDeAct_AreaLandTrig_landout</Descr>
            <NewObjectState>False</NewObjectState>
            <ObjectReferenceList>
                <ObjectReference id="AreaLandTrig_landout" InstanceId="{65905CD1-DACF-4CD9-A68A-66EF864C93CB}">
                </ObjectReference>
            </ObjectReferenceList>
        </SimMission.ObjectActivationAction>
        <SimMission.ObjectActivationAction InstanceId="{BA1B52BA-B2E6-471B-9748-C5F3EA9F048C}">
            <Descr>ObjDeAct_ProxTrig_mid_way</Descr>
            <NewObjectState>False</NewObjectState>
            <ObjectReferenceList>
                <ObjectReference id="ProxTrig_mid_way" InstanceId="{9E6546E0-5037-40BD-8360-26BF820AD13D}">
                </ObjectReference>
            </ObjectReferenceList>
        </SimMission.ObjectActivationAction>
        <SimMission.ObjectActivationAction InstanceId="{1DA40561-6BC9-489B-A461-FDB8915CEF9C}">
            <Descr>ObjDeAct_task_timer</Descr>
            <NewObjectState>False</NewObjectState>
            <ObjectReferenceList>
                <ObjectReference id="tmr_task_timer" InstanceId="{E6C39645-F88D-4963-9A9E-72E6A33A60B3}">
                </ObjectReference>
            </ObjectReferenceList>
        </SimMission.ObjectActivationAction>
        <SimMission.PointOfInterestActivationAction InstanceId="{497978B4-3BE8-4BA3-B763-C44BDF0E245E}">
            <Descr>POI_Act_finish</Descr>
            <ObjectReferenceList>
                <ObjectReference id="POI_finish" InstanceId="{27EEC570-F982-40CA-B9FD-EE8D43C930BB}">
                </ObjectReference>
            </ObjectReferenceList>
        </SimMission.PointOfInterestActivationAction>
        <SimMission.PointOfInterestActivationAction InstanceId="{836C5E3D-0BD8-4EC8-BD51-5CCD2E1CB648}">
            <Descr>POI_Act_Start</Descr>
            <ObjectReferenceList>
                <ObjectReference id="POI_Start" InstanceId="{4BBEF5FA-FC5A-409B-A0B9-9EDC5BFE8030}">
                </ObjectReference>
            </ObjectReferenceList>
        </SimMission.PointOfInterestActivationAction>
        <SimMission.PointOfInterestActivationAction InstanceId="{AC7676ED-DD46-4759-838D-B2F3E737B8B1}">
            <Descr>POI_Act_TP1</Descr>
            <ObjectReferenceList>
                <ObjectReference id="POI_TP1" InstanceId="{596E95ED-FE57-438B-A8DA-246DB24A9175}">
                </ObjectReference>
            </ObjectReferenceList>
        </SimMission.PointOfInterestActivationAction>
        <SimMission.PointOfInterestActivationAction InstanceId="{E33FE90F-7D94-4A1C-B0D7-16E69F2BF3C2}">
            <Descr>POI_Act_TP2</Descr>
            <ObjectReferenceList>
                <ObjectReference id="POI_TP2" InstanceId="{5B8396F5-FBFF-4943-A7CD-AEE51B107E79}">
                </ObjectReference>
            </ObjectReferenceList>
        </SimMission.PointOfInterestActivationAction>
        <SimMission.PointOfInterestActivationAction InstanceId="{E3A8A50F-03BD-4CC5-9677-98B1CAEFB97E}">
            <Descr>POI_Act_TP3</Descr>
            <ObjectReferenceList>
                <ObjectReference id="POI_TP3" InstanceId="{F187FB9B-8F52-4CB0-A38E-D4F5429C8124}">
                </ObjectReference>
            </ObjectReferenceList>
        </SimMission.PointOfInterestActivationAction>
        <SimMission.PointOfInterestActivationAction InstanceId="{150273A3-B720-4F98-AB20-7DCC4DD473CD}">
            <Descr>POI_Act_TP4</Descr>
            <ObjectReferenceList>
                <ObjectReference id="POI_TP4" InstanceId="{4FAE51F9-5F77-4ADF-99A4-CCB0C5F2F283}">
                </ObjectReference>
            </ObjectReferenceList>
        </SimMission.PointOfInterestActivationAction>
        <SimMission.PointOfInterestActivationAction InstanceId="{FC1C8685-AD5A-41B3-B98F-80313B065BCC}">
            <Descr>POI_DeAct_Start</Descr>
            <NewObjectState>False</NewObjectState>
            <ObjectReferenceList>
                <ObjectReference id="POI_Start" InstanceId="{4BBEF5FA-FC5A-409B-A0B9-9EDC5BFE8030}">
                </ObjectReference>
            </ObjectReferenceList>
        </SimMission.PointOfInterestActivationAction>
        <SimMission.PointOfInterestActivationAction InstanceId="{D9910D15-6A9E-40E0-BD0D-FE5B4FF0CCBE}">
            <Descr>POI_DeAct_TP1</Descr>
            <NewObjectState>False</NewObjectState>
            <ObjectReferenceList>
                <ObjectReference id="POI_TP1" InstanceId="{596E95ED-FE57-438B-A8DA-246DB24A9175}">
                </ObjectReference>
            </ObjectReferenceList>
        </SimMission.PointOfInterestActivationAction>
        <SimMission.PointOfInterestActivationAction InstanceId="{885815BD-3A7D-4BC0-856A-A4783B053BE0}">
            <Descr>POI_DeAct_TP2</Descr>
            <NewObjectState>False</NewObjectState>
            <ObjectReferenceList>
                <ObjectReference id="POI_TP2" InstanceId="{5B8396F5-FBFF-4943-A7CD-AEE51B107E79}">
                </ObjectReference>
            </ObjectReferenceList>
        </SimMission.PointOfInterestActivationAction>
        <SimMission.PointOfInterestActivationAction InstanceId="{F9D99E75-BA56-425F-A5AE-4F1B82FAB28B}">
            <Descr>POI_DeAct_TP3</Descr>
            <NewObjectState>False</NewObjectState>
            <ObjectReferenceList>
                <ObjectReference id="POI_TP3" InstanceId="{F187FB9B-8F52-4CB0-A38E-D4F5429C8124}">
                </ObjectReference>
            </ObjectReferenceList>
        </SimMission.PointOfInterestActivationAction>
        <SimMission.PointOfInterestActivationAction InstanceId="{3BE464F7-19B9-4C7C-B0A6-24798BFBE8E4}">
            <Descr>POI_DeAct_TP4</Descr>
            <NewObjectState>False</NewObjectState>
            <ObjectReferenceList>
                <ObjectReference id="POI_TP4" InstanceId="{4FAE51F9-5F77-4ADF-99A4-CCB0C5F2F283}">
                </ObjectReference>
            </ObjectReferenceList>
        </SimMission.PointOfInterestActivationAction>
        <SimMission.RectangleArea InstanceId="{C25B80A7-4508-4345-A0DD-9DA32573DEBD}">
            <Descr>area_51</Descr>
            <Length>4000.000</Length>
            <Height>1000.000</Height>
            <Orientation>0.000,0.000,70.000</Orientation>
            <AttachedWorldPosition>
                <WorldPosition>N40° 38' 11.14",W78° 5' 36.33",+000000.00</WorldPosition>
                <AltitudeIsAGL>True</AltitudeIsAGL>
            </AttachedWorldPosition>
        </SimMission.RectangleArea>
        <SimMission.RectangleArea InstanceId="{C76D9989-FF4A-496D-99BA-AC52359DCD14}">
            <Descr>area_52</Descr>
            <Length>4000.000</Length>
            <Height>1000.000</Height>
            <Orientation>0.000,0.000,70.000</Orientation>
            <AttachedWorldPosition>
                <WorldPosition>N40° 21' 48.00",W78° 4' 15.99",+000000.00</WorldPosition>
                <AltitudeIsAGL>True</AltitudeIsAGL>
            </AttachedWorldPosition>
        </SimMission.RectangleArea>
        <SimMission.RectangleArea InstanceId="{F7493087-46BC-4167-A02F-325CB2C4C3A5}">
            <Descr>area_53</Descr>
            <Length>4000.000</Length>
            <Width>4000.000</Width>
            <Height>500.000</Height>
            <Orientation>0.000,0.000,70.000</Orientation>
            <AttachedWorldPosition>
                <WorldPosition>N40° 13' 12.21",W78° 15' 11.50",+000000.00</WorldPosition>
                <AltitudeIsAGL>True</AltitudeIsAGL>
            </AttachedWorldPosition>
        </SimMission.RectangleArea>
        <SimMission.RectangleArea InstanceId="{9A135F3E-CE25-499E-8F0E-729FA8A7B871}">
            <Descr>area_54</Descr>
            <Length>4000.000</Length>
            <Height>1200.000</Height>
            <Orientation>0.000,0.000,70.000</Orientation>
            <AttachedWorldPosition>
                <WorldPosition>N40° 9' 34.15",W78° 23' 41.76",+000000.00</WorldPosition>
                <AltitudeIsAGL>True</AltitudeIsAGL>
            </AttachedWorldPosition>
        </SimMission.RectangleArea>
        <SimMission.RectangleArea InstanceId="{FCA33D29-6A3E-47F8-942B-F28BED1CDE1F}">
            <Descr>area_55</Descr>
            <Length>4000.000</Length>
            <Height>2200.000</Height>
            <Orientation>0.000,0.000,70.000</Orientation>
            <AttachedWorldPosition>
                <WorldPosition>N40° 23' 40.00",W77° 47' 16.21",+000000.00</WorldPosition>
                <AltitudeIsAGL>True</AltitudeIsAGL>
            </AttachedWorldPosition>
        </SimMission.RectangleArea>
        <SimMission.RectangleArea InstanceId="{1007EBBB-9516-45C1-AABD-3C0D1C6E8F86}">
            <Descr>area_56</Descr>
            <Length>6000.000</Length>
            <Width>6000.000</Width>
            <Height>700.000</Height>
            <Orientation>0.000,0.000,70.000</Orientation>
            <AttachedWorldPosition>
                <WorldPosition>N40° 47' 49.03",W76° 57' 15.70",+000000.00</WorldPosition>
                <AltitudeIsAGL>True</AltitudeIsAGL>
            </AttachedWorldPosition>
        </SimMission.RectangleArea>
        <SimMission.RectangleArea InstanceId="{54075D77-0A92-4E0B-8384-32BD9C1D2591}">
            <Descr>area_57</Descr>
            <Length>8000.000</Length>
            <Height>6000.000</Height>
            <Orientation>0.000,0.000,110.000</Orientation>
            <AttachedWorldPosition>
                <WorldPosition>N40° 45' 3.70",W77° 21' 56.20",+000000.00</WorldPosition>
                <AltitudeIsAGL>True</AltitudeIsAGL>
            </AttachedWorldPosition>
        </SimMission.RectangleArea>
        <SimMission.RectangleArea InstanceId="{6BEA026F-F9FB-4EFE-81CA-F8F7E4B9ECF8}">
            <Descr>area_58</Descr>
            <Length>5000.000</Length>
            <Height>6000.000</Height>
            <Orientation>0.000,0.000,70.000</Orientation>
            <AttachedWorldPosition>
                <WorldPosition>N40° 37' 3.03",W77° 46' 54.26",+000000.00</WorldPosition>
                <AltitudeIsAGL>True</AltitudeIsAGL>
            </AttachedWorldPosition>
        </SimMission.RectangleArea>
        <SimMission.RectangleArea InstanceId="{94BA5FD0-CCA5-491E-B676-8E51A0871984}">
            <Descr>area_59</Descr>
            <Length>5000.000</Length>
            <Height>6000.000</Height>
            <Orientation>0.000,0.000,25.000</Orientation>
            <AttachedWorldPosition>
                <WorldPosition>N40° 48' 15.12",W77° 38' 2.55",+000000.00</WorldPosition>
                <AltitudeIsAGL>True</AltitudeIsAGL>
            </AttachedWorldPosition>
        </SimMission.RectangleArea>
        <SimMission.RectangleArea InstanceId="{10086E50-08F9-4FB8-975D-17B11344AD4A}">
            <Descr>area_60</Descr>
            <Length>20000.000</Length>
            <Height>2000.000</Height>
            <Orientation>0.000,0.000,25.000</Orientation>
            <AttachedWorldPosition>
                <WorldPosition>N40° 19' 34.82",W78° 20' 25.19",+000000.00</WorldPosition>
                <AltitudeIsAGL>True</AltitudeIsAGL>
            </AttachedWorldPosition>
        </SimMission.RectangleArea>
        <SimMission.RectangleArea InstanceId="{B33666D5-49B8-48BB-B2BF-F4679396F1B0}">
            <Descr>area_airfield_landing</Descr>
            <Orientation>0.000,0.000,0.000</Orientation>
            <Length>1200.000</Length>
            <Width>1200.000</Width>
            <AttachedWorldPosition>
                <WorldPosition>N40° 40' 45.60",W77° 37' 36.00",+000000.00</WorldPosition>
                <AltitudeIsAGL>True</AltitudeIsAGL>
            </AttachedWorldPosition>
        </SimMission.RectangleArea>
        <SimMission.RectangleArea InstanceId="{D1441513-6601-46B9-A077-498D9FD12CBA}">
            <Descr>area_final_glide</Descr>
            <Length>12000.000</Length>
            <Height>4000.000</Height>
            <Orientation>0.000,0.000,135.000</Orientation>
            <AttachedWorldPosition>
                <WorldPosition>N40° 42' 42.71",W77° 37' 35.02",+000000.00</WorldPosition>
                <AltitudeIsAGL>True</AltitudeIsAGL>
            </AttachedWorldPosition>
        </SimMission.RectangleArea>
        <SimMission.RectangleArea InstanceId="{839293D5-3E07-4B56-BA98-8395B0AF1717}">
            <Descr>area_finish</Descr>
            <Length>2000.000</Length>
            <Height>3080.000</Height>
            <Orientation>0.000,0.000,139.000</Orientation>
            <AttachedWorldPosition>
                <WorldPosition>N40° 40' 38.89",W77° 37' 35.98",+000000.00</WorldPosition>
                <AltitudeIsAGL>True</AltitudeIsAGL>
            </AttachedWorldPosition>
        </SimMission.RectangleArea>
        <SimMission.RectangleArea InstanceId="{33DB83F0-E925-4F74-B665-62F63B4E0AE9}">
            <Descr>area_mid_way</Descr>
            <Orientation>0.000,0.000,70.000</Orientation>
            <Length>18000.000</Length>
            <Height>6000.000</Height>
            <AttachedWorldPosition>
                <WorldPosition>N40° 35' 29.09",W77° 34' 18.62",+000000.00</WorldPosition>
                <AltitudeIsAGL>True</AltitudeIsAGL>
            </AttachedWorldPosition>
        </SimMission.RectangleArea>
        <SimMission.RectangleArea InstanceId="{7B3B736E-CDE6-4F4A-B0CB-BC4AECA293D9}">
            <Descr>area_start</Descr>
            <Orientation>0.000,0.000,105.000</Orientation>
            <Length>2000.000</Length>
            <Height>1829.000</Height>
            <AttachedWorldPosition>
                <WorldPosition>N40° 45' 30.00",W77° 34' 30.00",+000000.00</WorldPosition>
                <AltitudeIsAGL>False</AltitudeIsAGL>
            </AttachedWorldPosition>
        </SimMission.RectangleArea>
        <SimMission.RectangleArea InstanceId="{2F3BE583-980A-414D-BB11-36BB1956BB04}">
            <Descr>area_start_too_high</Descr>
            <Length>2000.000</Length>
            <Height>2000.000</Height>
            <Orientation>0.000,0.000,105.000</Orientation>
            <AttachedWorldPosition>
                <WorldPosition>N40° 45' 30.00",W77° 34' 30.00",+006000.00</WorldPosition>
                <AltitudeIsAGL>False</AltitudeIsAGL>
            </AttachedWorldPosition>
        </SimMission.RectangleArea>
        <SimMission.RectangleArea InstanceId="{7C3412AD-A6CA-431D-86BF-BF2FA7CA17F5}">
            <Descr>area_TP1</Descr>
            <Orientation>0.000,0.000,0.000</Orientation>
            <Length>500.000</Length>
            <Width>500.000</Width>
            <Height>10000.000</Height>
            <AttachedWorldPosition>
                <WorldPosition>N40° 5' 20.00",W78° 31' 5.00",+000000.00</WorldPosition>
                <AltitudeIsAGL>True</AltitudeIsAGL>
            </AttachedWorldPosition>
        </SimMission.RectangleArea>
        <SimMission.RectangleArea InstanceId="{39CD309A-00AA-443B-8863-9B74F07FA9E6}">
            <Descr>area_TP2</Descr>
            <Length>500.000</Length>
            <Width>500.000</Width>
            <Height>10000.000</Height>
            <Orientation>0.000,0.000,0.000</Orientation>
            <AttachedWorldPosition>
                <WorldPosition>N40° 48' 56.00",W76° 51' 42.00",+000000.00</WorldPosition>
                <AltitudeIsAGL>True</AltitudeIsAGL>
            </AttachedWorldPosition>
        </SimMission.RectangleArea>
        <SimMission.RectangleArea InstanceId="{4608974A-5FCD-4051-BE21-FC12FB865D52}">
            <Descr>area_TP3</Descr>
            <Length>500.000</Length>
            <Width>500.000</Width>
            <Height>10000.000</Height>
            <Orientation>0.000,0.000,0.000</Orientation>
            <AttachedWorldPosition>
                <WorldPosition>N40° 40' 40.44",W77° 37' 34.68",+000000.00</WorldPosition>
                <AltitudeIsAGL>True</AltitudeIsAGL>
            </AttachedWorldPosition>
        </SimMission.RectangleArea>
        <SimMission.RectangleArea InstanceId="{93E07453-C277-4553-843E-D0E429422627}">
            <Descr>area_TP4</Descr>
            <Length>500.000</Length>
            <Width>500.000</Width>
            <Height>10000.000</Height>
            <Orientation>0.000,0.000,0.000</Orientation>
            <AttachedWorldPosition>
                <WorldPosition>N40° 53' 18.00",W77° 36' 26.00",+000000.00</WorldPosition>
                <AltitudeIsAGL>True</AltitudeIsAGL>
            </AttachedWorldPosition>
        </SimMission.RectangleArea>
        <SimMission.AreaLandingTrigger InstanceId="{65905CD1-DACF-4CD9-A68A-66EF864C93CB}">
            <Descr>AreaLandTrig_landout</Descr>
            <Actions>
                <ObjectReference id="dialog_90_land_out" InstanceId="{7D3777EC-7565-45DE-8CD7-FE8035B3964F}">
                </ObjectReference>
                <ObjectReference id="GoalResAct_mission_fail" InstanceId="{8390F2E9-9608-4946-BD7E-082314811A3F}">
                </ObjectReference>
            </Actions>
        </SimMission.AreaLandingTrigger>
        <SimMission.PropertyTrigger InstanceId="{295A31D8-ED45-4B20-ABEF-37280ACBC65C}">
            <Descr>PropTrig_height_limit</Descr>
            <Condition>
                <And>
                    <GreaterThan>
                        <LHS>
                            <Property>
                                <Name>Simvar.AltitudeAMSL</Name>
                                <Units>feet</Units>
                                <PropertySource>User</PropertySource>
                            </Property>
                        </LHS>
                        <RHS>
                            <Constant>
                                <Double>7900.000</Double>
                            </Constant>
                        </RHS>
                    </GreaterThan>
                </And>
            </Condition>
            <Actions>
                <ObjectReference id="dialog_71_height_limit" InstanceId="{2DDBF1F6-2BB2-43BD-A098-DDDE1CB10830}">
                </ObjectReference>
                <ObjectReference id="GoalResAct_mission_fail" InstanceId="{8390F2E9-9608-4946-BD7E-082314811A3F}">
                </ObjectReference>
            </Actions>
        </SimMission.PropertyTrigger>
        <SimMission.PropertyTrigger InstanceId="{3DCDB290-B575-4F25-9D7B-BAB2A621F708}">
            <Descr>PropTrig_height_warning</Descr>
            <Condition>
                <And>
                    <GreaterThan>
                        <LHS>
                            <Property>
                                <Name>Simvar.AltitudeAMSL</Name>
                                <Units>feet</Units>
                                <PropertySource>User</PropertySource>
                            </Property>
                        </LHS>
                        <RHS>
                            <Constant>
                                <Double>7300.000</Double>
                            </Constant>
                        </RHS>
                    </GreaterThan>
                </And>
            </Condition>
            <Actions>
                <ObjectReference id="dialog_70_height_warning" InstanceId="{0C3454A4-C90E-419E-B6C1-1FF6BB5EB615}">
                </ObjectReference>
            </Actions>
        </SimMission.PropertyTrigger>
        <SimMission.PropertyTrigger InstanceId="{E211DF78-3139-450F-A5F6-7FF4EBB7B59D}">
            <Descr>PropTrig_height_warning_2</Descr>
            <OneShot>False</OneShot>
            <Condition>
                <And>
                    <GreaterThan>
                        <LHS>
                            <Property>
                                <Name>Simvar.AltitudeAMSL</Name>
                                <Units>feet</Units>
                                <PropertySource>User</PropertySource>
                            </Property>
                        </LHS>
                        <RHS>
                            <Constant>
                                <Double>7600.000</Double>
                            </Constant>
                        </RHS>
                    </GreaterThan>
                </And>
            </Condition>
            <Actions>
                <ObjectReference id="dialog_72_height_warning_2" InstanceId="{F3EB296B-FE0C-4F3A-AAB5-0834CEC2598C}">
                </ObjectReference>
            </Actions>
        </SimMission.PropertyTrigger>
        <SimMission.PropertyTrigger InstanceId="{5CB4639A-83B9-465B-9ADC-CC7F0C45EA0A}">
            <Descr>PropTrig_height_warning_3</Descr>
            <OneShot>False</OneShot>
            <Actions>
                <ObjectReference id="dialog_73_height_warning_3" InstanceId="{2F081DAC-ECA9-4EDC-953E-B74516BA5097}">
                </ObjectReference>
            </Actions>
            <Condition>
                <And>
                    <GreaterThan>
                        <LHS>
                            <Property>
                                <Name>Simvar.AltitudeAMSL</Name>
                                <Units>feet</Units>
                                <PropertySource>User</PropertySource>
                            </Property>
                        </LHS>
                        <RHS>
                            <Constant>
                                <Double>7700.000</Double>
                            </Constant>
                        </RHS>
                    </GreaterThan>
                </And>
            </Condition>
        </SimMission.PropertyTrigger>
        <SimMission.ProximityTrigger InstanceId="{B105A372-CBED-42B5-BFF7-67453FA4B743}">
            <Descr>ProxTrig_0_start_too_high</Descr>
            <OnEnterActions>
                <ObjectReference id="dialog_01_bad_start" InstanceId="{09394720-2196-4BBC-B828-00436B5F8B89}">
                </ObjectReference>
            </OnEnterActions>
            <Areas>
                <ObjectReference id="area_start_too_high" InstanceId="{2F3BE583-980A-414D-BB11-36BB1956BB04}">
                </ObjectReference>
            </Areas>
            <OnExitActions>
            </OnExitActions>
        </SimMission.ProximityTrigger>
        <SimMission.ProximityTrigger InstanceId="{51DAAC3B-2E9B-45A1-B09B-77FC50B49AD0}">
            <Descr>ProxTrig_51</Descr>
            <Activated>False</Activated>
            <OnEnterActions>
                <ObjectReference id="dialog_51" InstanceId="{21F80716-1E20-4D6F-A7E2-B9BFC0514A76}">
                </ObjectReference>
            </OnEnterActions>
            <Areas>
                <ObjectReference id="area_51" InstanceId="{C25B80A7-4508-4345-A0DD-9DA32573DEBD}">
                </ObjectReference>
            </Areas>
        </SimMission.ProximityTrigger>
        <SimMission.ProximityTrigger InstanceId="{7956A1CB-B37D-4A91-A8B1-33D901E2E234}">
            <Descr>ProxTrig_52</Descr>
            <Activated>False</Activated>
            <Areas>
                <ObjectReference id="area_52" InstanceId="{C76D9989-FF4A-496D-99BA-AC52359DCD14}">
                </ObjectReference>
            </Areas>
            <OnEnterActions>
                <ObjectReference id="dialog_52" InstanceId="{8BFBF0E4-A1F8-4658-A342-56AD9C264422}">
                </ObjectReference>
            </OnEnterActions>
        </SimMission.ProximityTrigger>
        <SimMission.ProximityTrigger InstanceId="{A16F8F22-2FFF-4D51-819E-20ED44A4B3BC}">
            <Descr>ProxTrig_53</Descr>
            <Activated>False</Activated>
            <Areas>
                <ObjectReference id="area_53" InstanceId="{F7493087-46BC-4167-A02F-325CB2C4C3A5}">
                </ObjectReference>
            </Areas>
            <OnEnterActions>
                <ObjectReference id="dialog_53" InstanceId="{0A2B5126-F071-435C-8E00-586CFA7B207C}">
                </ObjectReference>
            </OnEnterActions>
        </SimMission.ProximityTrigger>
        <SimMission.ProximityTrigger InstanceId="{0B922189-C22D-49C5-AA88-B5A6F04038F3}">
            <Descr>ProxTrig_54</Descr>
            <Activated>False</Activated>
            <Areas>
                <ObjectReference id="area_54" InstanceId="{9A135F3E-CE25-499E-8F0E-729FA8A7B871}">
                </ObjectReference>
            </Areas>
            <OnEnterActions>
                <ObjectReference id="dialog_54" InstanceId="{68C45CED-5952-4D3A-A2EF-6F78465FF897}">
                </ObjectReference>
            </OnEnterActions>
        </SimMission.ProximityTrigger>
        <SimMission.ProximityTrigger InstanceId="{8844E836-937B-4447-A07C-2F940A683C26}">
            <Descr>ProxTrig_55</Descr>
            <Activated>False</Activated>
            <Areas>
                <ObjectReference id="area_55" InstanceId="{FCA33D29-6A3E-47F8-942B-F28BED1CDE1F}">
                </ObjectReference>
            </Areas>
            <OnEnterActions>
                <ObjectReference id="dialog_55" InstanceId="{86CD221E-7736-4B52-BEC6-27136437F9BC}">
                </ObjectReference>
            </OnEnterActions>
        </SimMission.ProximityTrigger>
        <SimMission.ProximityTrigger InstanceId="{788B08CA-24A9-4ECE-A55F-027BA9F60948}">
            <Descr>ProxTrig_56</Descr>
            <Activated>False</Activated>
            <Areas>
                <ObjectReference id="area_56" InstanceId="{1007EBBB-9516-45C1-AABD-3C0D1C6E8F86}">
                </ObjectReference>
            </Areas>
            <OnEnterActions>
                <ObjectReference id="dialog_56" InstanceId="{65329BFF-8F0B-45ED-BDB4-79A2A6A572C3}">
                </ObjectReference>
            </OnEnterActions>
        </SimMission.ProximityTrigger>
        <SimMission.ProximityTrigger InstanceId="{BBAFFBAE-3107-4D46-8574-90F01D10EC58}">
            <Descr>ProxTrig_57</Descr>
            <Activated>False</Activated>
            <Areas>
                <ObjectReference id="area_57" InstanceId="{54075D77-0A92-4E0B-8384-32BD9C1D2591}">
                </ObjectReference>
            </Areas>
            <OnEnterActions>
                <ObjectReference id="dialog_57" InstanceId="{36DD9CE7-F802-43B4-B76F-FC70BB006865}">
                </ObjectReference>
            </OnEnterActions>
        </SimMission.ProximityTrigger>
        <SimMission.ProximityTrigger InstanceId="{5361FEC1-1924-4E2B-95D5-9F895618AA28}">
            <Descr>ProxTrig_58</Descr>
            <Activated>False</Activated>
            <Areas>
                <ObjectReference id="area_58" InstanceId="{6BEA026F-F9FB-4EFE-81CA-F8F7E4B9ECF8}">
                </ObjectReference>
            </Areas>
            <OnEnterActions>
                <ObjectReference id="dialog_58" InstanceId="{CA8538D6-04EA-4F06-8944-ED4864E09F66}">
                </ObjectReference>
            </OnEnterActions>
        </SimMission.ProximityTrigger>
        <SimMission.ProximityTrigger InstanceId="{F19A327B-24CC-4B2C-9AD6-A72BB9CAA9DD}">
            <Descr>ProxTrig_59</Descr>
            <Activated>False</Activated>
            <Areas>
                <ObjectReference id="area_59" InstanceId="{94BA5FD0-CCA5-491E-B676-8E51A0871984}">
                </ObjectReference>
            </Areas>
            <OnEnterActions>
                <ObjectReference id="dialog_59" InstanceId="{711C7CE1-266C-4CC3-99EE-08F53F129220}">
                </ObjectReference>
            </OnEnterActions>
        </SimMission.ProximityTrigger>
        <SimMission.ProximityTrigger InstanceId="{DFA9302C-B103-4FD8-AF41-EA32A567D47A}">
            <Descr>ProxTrig_60</Descr>
            <Activated>False</Activated>
            <Areas>
                <ObjectReference id="area_60" InstanceId="{10086E50-08F9-4FB8-975D-17B11344AD4A}">
                </ObjectReference>
            </Areas>
            <OnEnterActions>
                <ObjectReference id="dialog_60" InstanceId="{6206FC3C-483C-4379-9161-028E377E4EE9}">
                </ObjectReference>
            </OnEnterActions>
        </SimMission.ProximityTrigger>
        <SimMission.ProximityTrigger InstanceId="{D0BF867D-80BF-4300-B3C8-A67AD209C0EF}">
            <Descr>ProxTrig_airfield_landing</Descr>
            <Activated>False</Activated>
            <OnExitActions>
                <ObjectReference id="ObjAct_AreaLandTrig_landout" InstanceId="{AF0BF63D-7163-47FC-9EBE-7A949E8736C2}">
                </ObjectReference>
            </OnExitActions>
            <OnEnterActions>
                <ObjectReference id="ObjDeAct_AreaLandTrig_landout" InstanceId="{CE751F9E-F412-4CC4-A9F0-E4472C6ABD46}">
                </ObjectReference>
            </OnEnterActions>
            <Areas>
                <ObjectReference id="area_airfield_landing" InstanceId="{B33666D5-49B8-48BB-B2BF-F4679396F1B0}">
                </ObjectReference>
            </Areas>
        </SimMission.ProximityTrigger>
        <SimMission.ProximityTrigger InstanceId="{6F1F7CF8-214F-421C-856D-FD2781527A59}">
            <Descr>ProxTrig_final_glide</Descr>
            <Activated>False</Activated>
            <Areas>
                <ObjectReference id="area_final_glide" InstanceId="{D1441513-6601-46B9-A077-498D9FD12CBA}">
                </ObjectReference>
            </Areas>
            <OnEnterActions>
                <ObjectReference id="dialog_50_final_glide" InstanceId="{63FD5947-33C3-4A29-ACFF-9253156CD3F0}">
                </ObjectReference>
            </OnEnterActions>
        </SimMission.ProximityTrigger>
        <SimMission.ProximityTrigger InstanceId="{E07626A0-01A4-4273-8A62-941E261EFD3E}">
            <Descr>ProxTrig_finish</Descr>
            <Activated>False</Activated>
            <OnEnterActions>
                <ObjectReference id="ObjDeAct_task_timer" InstanceId="{1DA40561-6BC9-489B-A461-FDB8915CEF9C}">
                </ObjectReference>
                <ObjectReference id="GoalResAct_good_finish" InstanceId="{0D70BCFC-5885-4855-9494-A5AA1F7AC089}">
                </ObjectReference>
                <ObjectReference id="dialog_99_good_finish" InstanceId="{E95B3B7D-3CE6-49E0-B657-C37DAAAA6574}">
                </ObjectReference>
                <ObjectReference id="GrantRewardAction44" InstanceId="{58C39B62-123A-41AC-983C-83357D459CB2}">
                </ObjectReference>
            </OnEnterActions>
            <Areas>
                <ObjectReference id="area_finish" InstanceId="{839293D5-3E07-4B56-BA98-8395B0AF1717}">
                </ObjectReference>
            </Areas>
            <OnExitActions>
            </OnExitActions>
        </SimMission.ProximityTrigger>
        <SimMission.ProximityTrigger InstanceId="{9E6546E0-5037-40BD-8360-26BF820AD13D}">
            <Descr>ProxTrig_mid_way</Descr>
            <Activated>False</Activated>
            <Areas>
                <ObjectReference id="area_mid_way" InstanceId="{33DB83F0-E925-4F74-B665-62F63B4E0AE9}">
                </ObjectReference>
            </Areas>
            <OnEnterActions>
                <ObjectReference id="dialog_25_mid_way" InstanceId="{4A1D0E7C-67F5-4E93-919A-F21CDD5C51E4}">
                </ObjectReference>
            </OnEnterActions>
        </SimMission.ProximityTrigger>
        <SimMission.ProximityTrigger InstanceId="{16C72F51-3BEE-47FC-B41E-36D46F376B21}">
            <Descr>ProxTrig_start</Descr>
            <OnEnterActions>
                <ObjectReference id="ObjAct_task_timer" InstanceId="{0238B780-D70A-46F1-AAE1-3DFFDED20010}">
                </ObjectReference>
                <ObjectReference id="POI_Act_TP1" InstanceId="{AC7676ED-DD46-4759-838D-B2F3E737B8B1}">
                </ObjectReference>
                <ObjectReference id="POI_DeAct_Start" InstanceId="{FC1C8685-AD5A-41B3-B98F-80313B065BCC}">
                </ObjectReference>
                <ObjectReference id="dialog_02_good_start" InstanceId="{530EA5DD-2BB6-4A66-A1E1-6242C1CED546}">
                </ObjectReference>
                <ObjectReference id="ObjAct_disable_bad_start" InstanceId="{54EF1B0A-8AB2-4F68-9874-1BB89030C116}">
                </ObjectReference>
                <ObjectReference id="GoalResAct_good_start" InstanceId="{597313E6-B7D2-47A1-B2B4-4BA6A3165D53}">
                </ObjectReference>
                <ObjectReference id="ObjAct_ProxTrig_TP1" InstanceId="{245DC6B2-FE4A-46C9-8764-52DC8B8A4DAC}">
                </ObjectReference>
                <ObjectReference id="ObjAct_51" InstanceId="{E420FB4F-23CC-4D6E-A967-A33009A60047}">
                </ObjectReference>
                <ObjectReference id="ObjAct_53" InstanceId="{F8BEEB0D-C62A-4DCB-933F-7822A19E9DE6}">
                </ObjectReference>
                <ObjectReference id="ObjAct_52" InstanceId="{8EBA29CD-79A9-49B9-88DC-57D19588ADBA}">
                </ObjectReference>
                <ObjectReference id="ObjAct_54" InstanceId="{042DB458-E440-4955-B84B-0109A95E5D3E}">
                </ObjectReference>
                <ObjectReference id="ObjAct_58" InstanceId="{95BD6C77-4623-4062-9917-EDF7EB96CA87}">
                </ObjectReference>
            </OnEnterActions>
            <OnExitActions>
            </OnExitActions>
            <Areas>
                <ObjectReference id="area_start" InstanceId="{7B3B736E-CDE6-4F4A-B0CB-BC4AECA293D9}">
                </ObjectReference>
            </Areas>
        </SimMission.ProximityTrigger>
        <SimMission.ProximityTrigger InstanceId="{E3B4BFAB-BC23-467A-8133-D01C842437D7}">
            <Descr>ProxTrig_TP1</Descr>
            <Activated>False</Activated>
            <OnEnterActions>
                <ObjectReference id="POI_Act_TP2" InstanceId="{E33FE90F-7D94-4A1C-B0D7-16E69F2BF3C2}">
                </ObjectReference>
                <ObjectReference id="POI_DeAct_TP1" InstanceId="{D9910D15-6A9E-40E0-BD0D-FE5B4FF0CCBE}">
                </ObjectReference>
                <ObjectReference id="GoalResAct_TP1" InstanceId="{E2B0931B-3DA4-4BB7-B022-6C03A18E2227}">
                </ObjectReference>
                <ObjectReference id="ObjAct_ProxTrig_TP2" InstanceId="{3D398456-0899-4732-ACAF-18CF677FAA82}">
                </ObjectReference>
                <ObjectReference id="dialog_10_tp1" InstanceId="{5F124F2F-529B-46F4-A8FC-D883A3E65688}">
                </ObjectReference>
                <ObjectReference id="ObjAct_ProxTrig_mid_way" InstanceId="{3C855C8F-3F5A-402F-A0EB-9B825E7B885B}">
                </ObjectReference>
                <ObjectReference id="ObjDeAct_51" InstanceId="{F3ABF1B3-19C7-4216-8C62-1AD51B37C57B}">
                </ObjectReference>
                <ObjectReference id="ObjDeAct_52" InstanceId="{7B444B91-CF6B-4F99-96B1-9C637A6CD3B8}">
                </ObjectReference>
                <ObjectReference id="ObjDeAct_53" InstanceId="{CAE48EF8-B4CB-4529-8A13-B6514DC8FDE6}">
                </ObjectReference>
                <ObjectReference id="ObjDeAct_54" InstanceId="{C9AF2A27-8BFC-45B6-9DFC-1372F4810782}">
                </ObjectReference>
                <ObjectReference id="ObjDeAct_58" InstanceId="{37A030F7-AA53-499B-86CD-A89CD027D432}">
                </ObjectReference>
                <ObjectReference id="ObjAct_55" InstanceId="{805313CF-E55E-4886-A56F-4A9117FBAB9A}">
                </ObjectReference>
                <ObjectReference id="ObjAct_56" InstanceId="{83F0D559-5F5E-457D-9820-4688AE85F0A2}">
                </ObjectReference>
                <ObjectReference id="ObjAct_60" InstanceId="{83055264-EFB9-4C71-96B1-021F895C8F71}">
                </ObjectReference>
            </OnEnterActions>
            <Areas>
                <ObjectReference id="area_TP1" InstanceId="{7C3412AD-A6CA-431D-86BF-BF2FA7CA17F5}">
                </ObjectReference>
            </Areas>
        </SimMission.ProximityTrigger>
        <SimMission.ProximityTrigger InstanceId="{B9F70251-2992-4B94-9247-DBEAB1AF56A9}">
            <Descr>ProxTrig_TP2</Descr>
            <Activated>False</Activated>
            <OnEnterActions>
                <ObjectReference id="GoalResAct_TP2" InstanceId="{0880B66A-BC8B-4CD6-AAA7-70B7B987D333}">
                </ObjectReference>
                <ObjectReference id="POI_Act_TP3" InstanceId="{E3A8A50F-03BD-4CC5-9677-98B1CAEFB97E}">
                </ObjectReference>
                <ObjectReference id="POI_DeAct_TP2" InstanceId="{885815BD-3A7D-4BC0-856A-A4783B053BE0}">
                </ObjectReference>
                <ObjectReference id="dialog_20_tp2" InstanceId="{01A657F7-555C-4549-BACF-269455788715}">
                </ObjectReference>
                <ObjectReference id="ObjAct_ProxTrig_TP3" InstanceId="{3AE7A6DC-7D84-4FB2-8BEF-14675AF95B01}">
                </ObjectReference>
                <ObjectReference id="ObjDeAct_ProxTrig_mid_way" InstanceId="{BA1B52BA-B2E6-471B-9748-C5F3EA9F048C}">
                </ObjectReference>
                <ObjectReference id="ObjDeAct_55" InstanceId="{8F40F1B9-FF3A-4AFE-942D-D00711391F34}">
                </ObjectReference>
                <ObjectReference id="ObjDeAct_56" InstanceId="{8F61356A-B81D-4206-BBC2-14F78D05DBBC}">
                </ObjectReference>
                <ObjectReference id="ObjDeAct_60" InstanceId="{DB1752E9-031F-47DF-84D3-68B92E72FEF4}">
                </ObjectReference>
                <ObjectReference id="ObjAct_57" InstanceId="{6375D954-320D-46B0-89A6-18779B539648}">
                </ObjectReference>
            </OnEnterActions>
            <Areas>
                <ObjectReference id="area_TP2" InstanceId="{39CD309A-00AA-443B-8863-9B74F07FA9E6}">
                </ObjectReference>
            </Areas>
        </SimMission.ProximityTrigger>
        <SimMission.ProximityTrigger InstanceId="{08FE902A-16C5-4A27-881B-683EDE627208}">
            <Descr>ProxTrig_TP3</Descr>
            <Activated>False</Activated>
            <OnEnterActions>
                <ObjectReference id="ObjAct_ProxTrig_TP4" InstanceId="{ACE9584D-C589-4B1F-B7A2-5BAE805FD6BE}">
                </ObjectReference>
                <ObjectReference id="POI_Act_TP4" InstanceId="{150273A3-B720-4F98-AB20-7DCC4DD473CD}">
                </ObjectReference>
                <ObjectReference id="POI_DeAct_TP3" InstanceId="{F9D99E75-BA56-425F-A5AE-4F1B82FAB28B}">
                </ObjectReference>
                <ObjectReference id="GoalResAct_TP3" InstanceId="{F53D0523-D2F5-4A31-BA52-D374C71CCEA1}">
                </ObjectReference>
                <ObjectReference id="dialog_30_tp3" InstanceId="{567217B3-9DC4-4665-8DFA-0E1050D3C6BD}">
                </ObjectReference>
                <ObjectReference id="ObjDeAct_57" InstanceId="{A71D613A-C2A7-4217-A0A0-6925130E3550}">
                </ObjectReference>
                <ObjectReference id="ObjAct_59" InstanceId="{CB7B52D8-A8A9-4B8E-8AD5-43D7DF0DD3F8}">
                </ObjectReference>
            </OnEnterActions>
            <Areas>
                <ObjectReference id="area_TP3" InstanceId="{4608974A-5FCD-4051-BE21-FC12FB865D52}">
                </ObjectReference>
            </Areas>
        </SimMission.ProximityTrigger>
        <SimMission.ProximityTrigger InstanceId="{19E1048B-A1F5-424B-8FF6-D328127E1FA6}">
            <Descr>ProxTrig_TP4</Descr>
            <Activated>False</Activated>
            <OnEnterActions>
                <ObjectReference id="ObjAct_ProxTrig_final_glide" InstanceId="{B3370A57-DCB5-4D9D-824C-96586ADDC589}">
                </ObjectReference>
                <ObjectReference id="ObjAct_ProxTrig_airfield_landing" InstanceId="{50B772AC-BA3D-41C7-B455-37E0C11D3431}">
                </ObjectReference>
                <ObjectReference id="ObjAct_ProxTrig_finish" InstanceId="{90501C87-D6BC-4ED6-8A57-00CB92AA24A7}">
                </ObjectReference>
                <ObjectReference id="GoalResAct_TP4" InstanceId="{FBF02A58-74E3-40E1-BC2F-98C6830D7D45}">
                </ObjectReference>
                <ObjectReference id="POI_DeAct_TP4" InstanceId="{3BE464F7-19B9-4C7C-B0A6-24798BFBE8E4}">
                </ObjectReference>
                <ObjectReference id="POI_Act_finish" InstanceId="{497978B4-3BE8-4BA3-B763-C44BDF0E245E}">
                </ObjectReference>
                <ObjectReference id="dialog_41_tp4" InstanceId="{835925D1-A43B-4254-A265-A3DFB428E0E6}">
                </ObjectReference>
                <ObjectReference id="ObjDeAct_59" InstanceId="{A9FD7572-4297-4596-92DE-9FE1AA0C253D}">
                </ObjectReference>
            </OnEnterActions>
            <Areas>
                <ObjectReference id="area_TP4" InstanceId="{93E07453-C277-4553-843E-D0E429422627}">
                </ObjectReference>
            </Areas>
        </SimMission.ProximityTrigger>
        <SimMission.TimerTrigger InstanceId="{064DA5AA-5F37-4FC7-B5B2-83BEBC0BA5F5}">
            <Descr>tmr_20_mins</Descr>
            <StopTime>1200.000</StopTime>
            <Actions>
                <ObjectReference id="dialog_03_height_reminder" InstanceId="{9241FA4E-F943-493B-AB17-1CDD4191F303}">
                </ObjectReference>
            </Actions>
        </SimMission.TimerTrigger>
        <SimMission.TimerTrigger InstanceId="{98F1B66C-46D8-4999-B7F3-9A13295B07E6}">
            <Descr>tmr_mission_start</Descr>
            <StopTime>2.000</StopTime>
            <Actions>
                <ObjectReference id="dialog_00_start_gate_open" InstanceId="{816266D7-7AA3-41BB-B539-5AA086D09FF5}">
                </ObjectReference>
            </Actions>
        </SimMission.TimerTrigger>
        <SimMission.TimerTrigger InstanceId="{E6C39645-F88D-4963-9A9E-72E6A33A60B3}">
            <Descr>tmr_task_timer</Descr>
            <OnScreenTimer>True</OnScreenTimer>
            <Activated>False</Activated>
            <StopTime>30000.000</StopTime>
        </SimMission.TimerTrigger>
        <SimMission.PointOfInterest InstanceId="{27EEC570-F982-40CA-B9FD-EE8D43C930BB}">
            <Descr>POI_finish</Descr>
            <CycleOrder>5</CycleOrder>
            <TargetName>Mifflin finish</TargetName>
            <MinimumModelScale>0.250</MinimumModelScale>
            <AttachedWorldPosition>
                <WorldPosition>N40° 40' 44.96",W77° 37' 27.03",+000000.00</WorldPosition>
                <AltitudeIsAGL>True</AltitudeIsAGL>
            </AttachedWorldPosition>
        </SimMission.PointOfInterest>
        <SimMission.PointOfInterest InstanceId="{4BBEF5FA-FC5A-409B-A0B9-9EDC5BFE8030}">
            <Descr>POI_Start</Descr>
            <CurrentSelection>True</CurrentSelection>
            <TargetName>START</TargetName>
            <MinimumModelScale>0.250</MinimumModelScale>
            <AttachedWorldPosition>
                <WorldPosition>N40° 45' 30.00",W77° 34' 30.00",+000000.00</WorldPosition>
                <AltitudeIsAGL>True</AltitudeIsAGL>
            </AttachedWorldPosition>
        </SimMission.PointOfInterest>
        <SimMission.PointOfInterest InstanceId="{596E95ED-FE57-438B-A8DA-246DB24A9175}">
            <Descr>POI_TP1</Descr>
            <CycleOrder>1</CycleOrder>
            <TargetName>Bedford Airport</TargetName>
            <MinimumModelScale>0.250</MinimumModelScale>
            <AttachedWorldPosition>
                <WorldPosition>N40° 5' 20.00",W78° 31' 5.00",+000000.00</WorldPosition>
                <AltitudeIsAGL>True</AltitudeIsAGL>
            </AttachedWorldPosition>
        </SimMission.PointOfInterest>
        <SimMission.PointOfInterest InstanceId="{5B8396F5-FBFF-4943-A7CD-AEE51B107E79}">
            <Descr>POI_TP2</Descr>
            <CycleOrder>2</CycleOrder>
            <TargetName>Selingsgrove Airport</TargetName>
            <MinimumModelScale>0.250</MinimumModelScale>
            <AttachedWorldPosition>
                <WorldPosition>N40° 48' 56.00",W76° 51' 42.00",+000000.00</WorldPosition>
                <AltitudeIsAGL>True</AltitudeIsAGL>
            </AttachedWorldPosition>
        </SimMission.PointOfInterest>
        <SimMission.PointOfInterest InstanceId="{F187FB9B-8F52-4CB0-A38E-D4F5429C8124}">
            <Descr>POI_TP3</Descr>
            <CycleOrder>3</CycleOrder>
            <TargetName>Mifflin</TargetName>
            <MinimumModelScale>0.250</MinimumModelScale>
            <AttachedWorldPosition>
                <WorldPosition>N40° 40' 41.83",W77° 37' 31.77",+000000.00</WorldPosition>
                <AltitudeIsAGL>True</AltitudeIsAGL>
            </AttachedWorldPosition>
        </SimMission.PointOfInterest>
        <SimMission.PointOfInterest InstanceId="{4FAE51F9-5F77-4ADF-99A4-CCB0C5F2F283}">
            <Descr>POI_TP4</Descr>
            <CycleOrder>4</CycleOrder>
            <TargetName>Penns Cave</TargetName>
            <MinimumModelScale>0.250</MinimumModelScale>
            <AttachedWorldPosition>
                <WorldPosition>N40° 53' 18.00",W77° 36' 26.00",+000000.00</WorldPosition>
                <AltitudeIsAGL>True</AltitudeIsAGL>
            </AttachedWorldPosition>
        </SimMission.PointOfInterest>
        <SimMission.RealismOverrides>
            <Descr>RealismOverrides2</Descr>
            <FlyingTips>Disable</FlyingTips>
            <CrashBehavior>EndFlight</CrashBehavior>
            <FlightRealism>Enforced</FlightRealism>
            <ATCMenuDisabled>True</ATCMenuDisabled>
        </SimMission.RealismOverrides>
        <SimMissionUI.ScenarioMetadata InstanceId="{A1905245-3445-44EE-B4F9-43183E972443}">
            <Descr>ScenarioMetadata B21 Mission Template</Descr>
            <ScenarioType>Mission</ScenarioType>
            <SkillLevel>Advanced</SkillLevel>
            <LocationDescr>USA 18m Nationals at Mifflin - Day 1</LocationDescr>
            <DifficultyLevel>40</DifficultyLevel>
            <EstimatedTime>4 hours plus</EstimatedTime>
            <UncompletedImage>imgM_i.bmp</UncompletedImage>
            <CompletedImage>imgM_c.bmp</CompletedImage>
            <MissionBrief>Template_Overview_Tab.htm</MissionBrief>
            <AbbreviatedMissionBrief>Template_Task.htm</AbbreviatedMissionBrief>
            <SuccessMessage>Success! Well done completing Nationals Day 1!</SuccessMessage>
            <FailureMessage>You Failed!</FailureMessage>
            <UserCrashMessage>Crashed and burned! That was the pits...</UserCrashMessage>
            <CategoryRef>{CE1FC5F9-824F-45FB-89B7-CB699829A5A3}</CategoryRef>
        </SimMissionUI.ScenarioMetadata>
        <SimMission.Goal InstanceId="{6E284343-91B1-4AE9-8573-4401612CD8EC}">
            <Descr>Goal_good_finish</Descr>
            <Text>Good finish!</Text>
            <Order>5</Order>
        </SimMission.Goal>
        <SimMission.Goal InstanceId="{EEF0E608-1B7A-4544-AED6-3EC6C25AE47A}">
            <Descr>Goal_good_start</Descr>
            <Text>Good start</Text>
        </SimMission.Goal>
        <SimMission.Goal InstanceId="{04EACD37-CD3C-4B76-BCD5-677071CE6454}">
            <Descr>Goal_TP1</Descr>
            <Text>Bedford Airport</Text>
            <Order>1</Order>
        </SimMission.Goal>
        <SimMission.Goal InstanceId="{5450F91D-78A8-44F8-B0BD-94D23C7123A0}">
            <Descr>Goal_TP2</Descr>
            <Text>Selingsgrove Airport</Text>
            <Order>2</Order>
        </SimMission.Goal>
        <SimMission.Goal InstanceId="{8A9F8208-9ADE-4047-802A-12D9A19054DA}">
            <Descr>Goal_TP3</Descr>
            <Text>Mifflin Airport</Text>
            <Order>3</Order>
        </SimMission.Goal>
        <SimMission.Goal InstanceId="{51492814-6794-4229-ACC0-95575C70B77F}">
            <Descr>Goal_TP4</Descr>
            <Text>Penns Cave</Text>
            <Order>4</Order>
        </SimMission.Goal>
    </WorldBase.Flight>
    <MissionBuilder.MissionBuilder>
    </MissionBuilder.MissionBuilder>
</SimBase.Document>
