
<SimBase.Document Type="AceXML" version="1,0" id="b21_vario_te57">
    <Filename>b21_vario_te57.xml</Filename>
    <SimGauge.Gauge id="b21_vario_te57">
        <FloatPosition>0.000,0.000</FloatPosition>
        <Size>84,84</Size>
        <Image id="b21_vario_te57.bmp" Name="b21_vario_te57.bmp">
            <Transparent>True</Transparent>
        </Image>
        <Element>
            <Select id="Select">
                <Expression id="Expression2">
                    <Minimum>-5.000</Minimum>
                    <Maximum>5.000</Maximum>
                    <Script>
        				(A:AIRSPEED TRUE, meters per second) d * 
        			 	19.62 /  			
        				(A:PLANE ALTITUDE, meters) + 
        				0.25 * (G:Var2) 0.75 * +	
        				d (G:Var2) -			
        				(E:ABSOLUTE TIME, seconds)
        				0.25 * (G:Var1) 0.75 * +			
        				d (G:Var1) -			
        				r (&gt;G:Var1)	
        				/			
        				r (&gt;G:Var2)				
        				0.05 * (L:B21_vario_te, meters per second) 0.95 * + 
        				(&gt;L:B21_vario_te, meters per second)
				    </Script>
                </Expression>
            </Select>
        </Element>
        <!-- TE needle -->
        <Element id="Element2">
            <FloatPosition>42.0,41.0</FloatPosition>
            <Image id="b21_vario_te57_needle.bmp" Name="b21_vario_te57_needle.bmp">
                <Transparent>True</Transparent>
                <Axis>41,3</Axis>
            </Image>
            <Rotation id="Rotation">
                <PointsTo>WEST</PointsTo>
                <NonlinearityTable id="NonlinearityTable">
                    <NonlinearityEntry id="-5">
                        <ExpressionResult>-5</ExpressionResult>
                        <FloatPosition>72.000,72.000</FloatPosition>
                    </NonlinearityEntry>
                    <NonlinearityEntry id="0">
                        <ExpressionResult>0</ExpressionResult>
                        <FloatPosition>1.000,41.000</FloatPosition>
                    </NonlinearityEntry>
                    <NonlinearityEntry id="5">
                        <ExpressionResult>5</ExpressionResult>
                        <FloatPosition>72.000,12.000</FloatPosition>
                    </NonlinearityEntry>
                </NonlinearityTable>
                <Expression id="Expression">
                    <Minimum>-5.000</Minimum>
                    <Maximum>5.000</Maximum>
                    <Script>
                       (L:B21_vario_te, meters per second)
                    </Script>
                </Expression>
                <FailureTable id="FailureTable">
                    <Failure id="Static Port">
                        <Fail_Key>SYSTEM_PITOT_STATIC</Fail_Key>
                        <Fail_Action>Zero</Fail_Action>
                    </Failure>
                    <Failure id="Gauge">
                        <Fail_Key>GAUGE_VERTICAL_SPEED</Fail_Key>
                        <Fail_Action>Freeze</Fail_Action>
                    </Failure>
                </FailureTable>
            </Rotation>
        </Element>
        <!-- small needle showing vertical speed -->
        <Element id="Element">
            <FloatPosition>42,41</FloatPosition>
            <Image id="b21_vario_te57_needle_small.bmp" Name="b21_vario_te57_needle_small.bmp">
                <Transparent>True</Transparent>
                <Axis>41,3</Axis>
            </Image>
            <Rotation id="Rotation">
                <PointsTo>WEST</PointsTo>
                <NonlinearityTable id="NonlinearityTable">
                    <NonlinearityEntry id="-10">
                        <ExpressionResult>-10</ExpressionResult>
                        <FloatPosition>72.000,72.000</FloatPosition>
                    </NonlinearityEntry>
                    <NonlinearityEntry id="0">
                        <ExpressionResult>0</ExpressionResult>
                        <FloatPosition>1.000,41.000</FloatPosition>
                    </NonlinearityEntry>
                    <NonlinearityEntry id="10">
                        <ExpressionResult>10</ExpressionResult>
                        <FloatPosition>72.000,12.000</FloatPosition>
                    </NonlinearityEntry>
                </NonlinearityTable>
                <Expression id="Expression">
                    <Minimum>-10.000</Minimum>
                    <Maximum>10.000</Maximum>
;                    <Script>(A:Variometer rate,feet per minute) 0.00988 *</Script>
                    <Script>(A:Vertical Speed,feet per minute) 0.00988 *</Script>

                </Expression>
                <Delay id="Delay">
                    <DelayValue>180.000</DelayValue>
                    <DelayUnits>DEGREES_PER_SECOND</DelayUnits>
                </Delay>
                <FailureTable id="FailureTable">
                    <Failure id="Static Port">
                        <Fail_Key>SYSTEM_PITOT_STATIC</Fail_Key>
                        <Fail_Action>Zero</Fail_Action>
                    </Failure>
                    <Failure id="Gauge">
                        <Fail_Key>GAUGE_VERTICAL_SPEED</Fail_Key>
                        <Fail_Action>Freeze</Fail_Action>
                    </Failure>
                </FailureTable>
            </Rotation>
        </Element>
        <MouseArea id="MouseArea">
            <FloatPosition>0.000,0.000</FloatPosition>
            <Size>84,88</Size>
            <Tooltip id="Tooltip">
                <DefaultId>TOOLTIPTEXT_VERTICAL_SPEED_KTS</DefaultId>
            </Tooltip>
        </MouseArea>
    </SimGauge.Gauge>
</SimBase.Document>
